date,garch_condvol_ann_pct
1987-05-21,12.040602263222105
1987-05-22,13.028460431856736
1987-05-25,13.202688327141612
1987-05-26,13.186430384240614
1987-05-27,13.138719522001466
1987-05-28,13.118350622092956
1987-05-29,13.06568338367032
1987-06-01,13.035875837647074
1987-06-02,13.088993043130486
1987-06-03,13.05044575269986
1987-06-04,13.100902223873302
1987-06-05,13.061039543523275
1987-06-08,13.481416569494979
1987-06-09,13.601847847459922
1987-06-10,13.51506798204602
1987-06-11,13.42546190815388
1987-06-12,13.624032383421254
1987-06-16,13.728721613405536
1987-06-17,13.915646487556169
1987-06-18,14.13127411292093
1987-06-19,13.988174767041784
1987-06-22,13.855699226964685
1987-06-23,13.774882770723265
1987-06-24,14.63162396626349
1987-06-25,14.989251029743562
1987-06-26,14.841945576597256
1987-06-29,17.422879027524534
1987-06-30,17.079390326403367
1987-07-01,16.804001502857638
1987-07-02,16.658948890509144
1987-07-03,17.581118628151444
1987-07-06,17.2477149089349
1987-07-07,17.208549557386835
1987-07-08,16.81238358421205
1987-07-09,16.458414320641182
1987-07-10,16.790837333128156
1987-07-13,16.456123694763424
1987-07-14,16.269528013970337
1987-07-15,15.976195618895684
1987-07-16,18.256987062791364
1987-07-17,17.973825168824348
1987-07-20,18.268243229856214
1987-07-21,17.908390187170674
1987-07-22,18.127146785493558
1987-07-23,17.67170096614167
1987-07-24,17.805143842375568
1987-07-27,22.275890415356763
1987-07-28,22.660287091283358
1987-07-29,24.757862616872515
1987-07-30,24.28592624119876
1987-07-31,23.938811888456097
1987-08-03,23.460837206766854
1987-08-04,31.10632581023725
1987-08-05,30.640439546132388
1987-08-06,35.7299139193998
1987-08-07,34.19052675807355
1987-08-10,32.81510331572029
1987-08-11,31.907384570786114
1987-08-12,30.559534736203535
1987-08-13,29.30740617328332
1987-08-14,28.236525424573518
1987-08-17,27.385777309183418
1987-08-18,28.23704312369261
1987-08-19,27.243386989362524
1987-08-20,26.99852809961608
1987-08-21,26.49897769558593
1987-08-24,26.052098198905632
1987-08-25,30.22687725353763
1987-08-26,29.02717352708633
1987-08-27,31.44618953661557
1987-08-28,30.46585825474913
1987-08-31,29.291072626686926
1987-09-01,30.17484948720718
1987-09-02,29.42131475086826
1987-09-03,28.234962421121736
1987-09-04,27.751017225232438
1987-09-07,26.691117132061827
1987-09-08,29.430068095025746
1987-09-09,28.295850196474525
1987-09-10,27.75957875775621
1987-09-11,28.61565427240278
1987-09-14,27.66407382182398
1987-09-15,26.584725250838392
1987-09-16,27.3482274025587
1987-09-17,26.27051995470874
1987-09-18,25.41173226368119
1987-09-21,24.71478352634799
1987-09-22,23.81057407999457
1987-09-23,23.496980844073803
1987-09-24,22.660631624666102
1987-09-25,22.43528461237512
1987-09-28,21.7841509937162
1987-09-29,21.08797159834909
1987-09-30,20.81156286598548
1987-10-01,20.1653817442177
1987-10-02,19.55393473014499
1987-10-05,19.336106029889187
1987-10-06,19.040769826949123
1987-10-07,19.12176079421887
1987-10-08,18.59487121063557
1987-10-09,18.125681153375552
1987-10-12,17.684252417698794
1987-10-13,17.31310434092089
1987-10-14,16.90740225397176
1987-10-15,16.830370262049186
1987-10-16,16.461851658795407
1987-10-19,17.976336156530785
1987-10-20,17.673089360347614
1987-10-21,19.131975968946634
1987-10-22,18.940436083185272
1987-10-23,19.040464709639064
1987-10-26,18.92675800433045
1987-10-27,19.3667474115413
1987-10-28,18.84001810589124
1987-10-29,18.351720301223043
1987-10-30,18.076785888600913
1987-11-02,17.645874791365166
1987-11-03,17.80513804355566
1987-11-04,18.599612642304475
1987-11-05,21.759949635203295
1987-11-06,21.166540757352003
1987-11-09,20.633902593191454
1987-11-10,23.506250700079313
1987-11-11,23.61259238490069
1987-11-12,22.797270245826756
1987-11-13,22.035751721877997
1987-11-16,21.34990812862541
1987-11-17,20.938698511205654
1987-11-18,21.738293662414367
1987-11-19,21.93974792956529
1987-11-20,22.702725729955635
1987-11-23,22.133755857047074
1987-11-24,22.803035341942557
1987-11-25,22.10839396839722
1987-11-26,21.780012981829092
1987-11-27,21.087693997857375
1987-11-30,20.4428718566434
1987-12-01,19.949135438160354
1987-12-02,19.412085021563094
1987-12-03,18.886790524153486
1987-12-04,19.318369094077216
1987-12-07,18.838537263120468
1987-12-08,19.304908298562843
1987-12-09,19.575285880655887
1987-12-10,19.48377655147134
1987-12-11,19.169428437157457
1987-12-14,19.209671143360403
1987-12-15,32.03446975793731
1987-12-16,35.38635030511236
1987-12-17,34.829863440740105
1987-12-18,43.5735666634539
1987-12-21,45.166373031272165
1987-12-22,43.54709148081053
1987-12-23,56.76273949118404
1987-12-24,56.1909358911581
1987-12-28,53.69153838747786
1987-12-29,51.23355429224613
1987-12-30,49.91557967617089
1987-12-31,49.21213324527468
1988-01-04,47.41799120515644
1988-01-05,46.143746574768976
1988-01-06,50.132165267334706
1988-01-08,52.722972292585546
1988-01-11,57.66920461294951
1988-01-12,55.328910909709975
1988-01-13,56.65060737797061
1988-01-14,55.39201432066435
1988-01-15,52.96988238070121
1988-01-18,50.53387727851305
1988-01-19,48.410837303788206
1988-01-20,46.742264949713025
1988-01-21,45.24962792279175
1988-01-22,43.700388523979626
1988-01-25,43.11348837875417
1988-01-27,41.80087280888311
1988-01-28,41.03731068895502
1988-01-29,39.18824440436396
1988-02-01,37.77750172657864
1988-02-02,36.51469704317532
1988-02-03,34.970375530228274
1988-02-04,33.46265817817466
1988-02-05,32.03107668745959
1988-02-08,30.782115155099365
1988-02-09,31.689192540909684
1988-02-10,30.511400979731455
1988-02-11,30.359717777301963
1988-02-12,29.121237804422705
1988-02-15,29.927736092815337
1988-02-16,28.78893953278809
1988-02-17,27.677334048322994
1988-02-18,27.36472817829181
1988-02-19,28.70013645375295
1988-02-22,27.61043457410523
1988-02-23,27.07359675706913
1988-02-24,26.695781780174826
1988-02-25,26.682985201318537
1988-02-26,30.268126667063576
1988-02-29,29.777684527801124
1988-03-01,28.655591727176922
1988-03-02,33.11189655081632
1988-03-03,34.3406013659886
1988-03-04,33.52908182021322
1988-03-07,32.086692410539335
1988-03-08,30.940843017662196
1988-03-09,29.872579641086862
1988-03-10,29.26889467799574
1988-03-11,32.64669007821754
1988-03-14,33.80321831899587
1988-03-15,37.994304052023594
1988-03-16,36.30193747891949
1988-03-17,35.033330151157024
1988-03-18,33.51546557700423
1988-03-21,35.9075763051507
1988-03-22,37.09305416626001
1988-03-23,37.18575559207943
1988-03-24,37.34113251121769
1988-03-25,36.46812807875888
1988-03-28,35.434090177146345
1988-03-29,34.00648577087742
1988-03-30,32.56400733672993
1988-03-31,31.308573056220656
1988-04-05,30.0436177254712
1988-04-06,29.20285986928993
1988-04-07,28.285811934749333
1988-04-08,27.514780456318118
1988-04-11,26.42962312472892
1988-04-12,31.996620479043862
1988-04-13,31.675778484097663
1988-04-14,30.39564915104476
1988-04-15,29.25925432030287
1988-04-18,28.606068195338665
1988-04-19,32.07466687711352
1988-04-20,32.73387955483479
1988-04-21,32.3049134905395
1988-04-22,31.5194438135921
1988-04-25,30.45917725936997
1988-04-26,29.204280110739194
1988-04-27,28.03990517055738
1988-04-28,27.56058488813254
1988-04-29,30.299754342766406
1988-05-02,30.18434942661174
1988-05-03,34.81101504084249
1988-05-04,33.4997719840936
1988-05-05,32.11414829116402
1988-05-06,30.753426315858825
1988-05-09,30.71039055208205
1988-05-10,29.458061540583525
1988-05-11,28.49322969734863
1988-05-12,27.48106307681543
1988-05-13,26.515296215120138
1988-05-16,25.632873079365904
1988-05-17,24.80805150826429
1988-05-18,23.887902199684934
1988-05-19,23.796331360909637
1988-05-20,23.396653190016714
1988-05-23,23.268346539861255
1988-05-24,23.410770954713094
1988-05-25,22.656544869240758
1988-05-26,22.19115726201746
1988-05-27,21.440328355511408
1988-05-30,20.823624869086565
1988-05-31,20.179276352817045
1988-06-01,19.593989385335476
1988-06-02,19.365146844142263
1988-06-03,18.808320253167857
1988-06-06,18.589055574642458
1988-06-07,19.075586399641228
1988-06-08,18.55504770718217
1988-06-09,18.101073616034117
1988-06-10,17.63947294258187
1988-06-13,21.94671040316909
1988-06-14,23.44022614928141
1988-06-15,24.55647533158876
1988-06-16,24.124584977921113
1988-06-17,24.757093668513843
1988-06-20,23.87804737501556
1988-06-21,27.638643699869675
1988-06-22,26.543267299196927
1988-06-23,25.81742468341357
1988-06-24,24.872038952629918
1988-06-27,23.97429503914202
1988-06-28,24.205078967959793
1988-06-29,23.571403096751304
1988-06-30,24.572128115568876
1988-07-01,26.78711581175698
1988-07-04,26.96846377871521
1988-07-05,26.114091562307102
1988-07-06,25.244597581272142
1988-07-07,29.839856667543774
1988-07-08,42.77332408249704
1988-07-11,43.25487664561034
1988-07-12,43.50569544323032
1988-07-13,46.6554426762598
1988-07-14,44.601784592485885
1988-07-15,42.54329842448688
1988-07-18,40.889071953392374
1988-07-19,46.0369181684365
1988-07-20,43.96783715083568
1988-07-21,45.317311103635845
1988-07-22,43.44621934923596
1988-07-25,41.86868775552585
1988-07-26,39.97411691663377
1988-07-27,40.35935158498714
1988-07-28,38.58366378804732
1988-07-29,37.61182531840894
1988-08-01,35.96234950162901
1988-08-02,34.71206284251028
1988-08-03,34.13824866701411
1988-08-04,34.545824103593546
1988-08-05,36.91471717693058
1988-08-08,37.02894584774325
1988-08-09,40.51865529200238
1988-08-10,38.775735241501366
1988-08-11,38.26804033754652
1988-08-12,36.565128005720965
1988-08-15,35.30165751017798
1988-08-16,34.28522514564891
1988-08-17,32.82988495820032
1988-08-18,31.61423692895946
1988-08-19,30.29204749146951
1988-08-22,29.11118005860202
1988-08-23,28.47957311143573
1988-08-24,28.366993025052263
1988-08-25,27.264115955820667
1988-08-26,27.203284447769093
1988-08-29,26.514002617996674
1988-08-30,25.501037480491757
1988-08-31,24.565315777119178
1988-09-01,23.732435637186143
1988-09-02,24.440774995739485
1988-09-05,24.133451877420658
1988-09-06,25.848464517328168
1988-09-07,27.565968264626832
1988-09-08,27.222990503599743
1988-09-09,26.480038200025586
1988-09-12,25.533264389471256
1988-09-13,32.014720778821996
1988-09-14,39.903974193922984
1988-09-15,41.87824760333933
1988-09-16,42.41509485614689
1988-09-19,41.664628607376066
1988-09-20,42.215876118004715
1988-09-21,41.72925373891866
1988-09-22,40.01322817154446
1988-09-23,38.569841585507305
1988-09-26,36.842757791109
1988-09-27,35.42059813816921
1988-09-28,39.14270051110478
1988-09-29,37.90128630510751
1988-09-30,37.48551981921923
1988-10-03,42.341570778697275
1988-10-04,42.64862460716656
1988-10-05,40.73903662610686
1988-10-06,43.323041782802086
1988-10-07,41.533612730670136
1988-10-10,39.688874691249886
1988-10-11,51.213947528599014
1988-10-12,49.127482375991164
1988-10-13,46.96846571103539
1988-10-14,44.92950800057429
1988-10-17,49.12898797176709
1988-10-18,48.429404804671634
1988-10-19,51.92531932673111
1988-10-20,52.07433249967492
1988-10-21,49.88218600331059
1988-10-24,47.54739664914649
1988-10-25,66.05606942406142
1988-10-26,63.05375109027654
1988-10-27,60.015029716678
1988-10-28,57.941329525185814
1988-10-31,56.10480899669823
1988-11-01,53.43114957788608
1988-11-02,53.49223536412022
1988-11-03,51.36373238605212
1988-11-04,49.2602467847519
1988-11-07,47.86331066991218
1988-11-08,45.62859117809695
1988-11-09,43.908123571167245
1988-11-10,42.041176500111035
1988-11-11,41.90987163429219
1988-11-14,39.99828127022477
1988-11-15,38.21354714792875
1988-11-16,36.50631631318274
1988-11-17,36.706708033926276
1988-11-18,43.30864898876075
1988-11-21,41.332175849224164
1988-11-22,39.49231740122073
1988-11-23,59.30870944569604
1988-11-24,56.47331303100081
1988-11-25,55.31836207829159
1988-11-28,79.46835006708639
1988-11-29,75.58216041304514
1988-11-30,73.66957943276226
1988-12-01,70.14992601157054
1988-12-02,69.34179594205125
1988-12-05,66.12096931645539
1988-12-06,62.97023831873091
1988-12-07,60.9477304528273
1988-12-08,58.823645071954346
1988-12-09,57.094365377308854
1988-12-12,54.5973843980862
1988-12-13,52.84014027511029
1988-12-14,50.345819865752574
1988-12-15,48.25306666240144
1988-12-16,46.517621013521726
1988-12-19,44.356989989764564
1988-12-20,43.36634824793624
1988-12-21,41.38279008624112
1988-12-22,39.523538291283025
1988-12-23,37.839659280528956
1988-12-27,36.36018273062353
1988-12-28,43.52468102055578
1988-12-29,41.7829558796849
1988-12-30,40.355284308166326
1989-01-03,39.72118469608292
1989-01-04,38.232766593783715
1989-01-05,36.70031901727068
1989-01-06,35.099742466176025
1989-01-09,34.40673638151024
1989-01-10,33.16271418150468
1989-01-11,32.56931897062281
1989-01-12,31.44778275092656
1989-01-13,30.168465537097312
1989-01-16,32.67795720626399
1989-01-17,31.388169672210264
1989-01-18,30.971107740511844
1989-01-19,29.99657478015368
1989-01-20,29.008980097636588
1989-01-23,27.853298795369053
1989-01-24,41.82303804357354
1989-01-25,39.95540394094667
1989-01-26,42.07898224001772
1989-01-27,40.16242192848034
1989-01-30,41.28920367936782
1989-01-31,40.53918081191078
1989-02-01,41.076630808123085
1989-02-02,39.212297878199124
1989-02-03,40.579274240816396
1989-02-06,39.18507040744023
1989-02-07,38.14913420504261
1989-02-08,36.54521056846347
1989-02-09,35.173186759842125
1989-02-10,34.01880475235007
1989-02-13,32.99748521864277
1989-02-14,31.70218593647935
1989-02-15,31.758487150311293
1989-02-16,30.518662481007553
1989-02-17,31.29516813661323
1989-02-20,29.982147935106767
1989-02-21,29.405955974463982
1989-02-22,28.676682590546772
1989-02-23,28.44842804648657
1989-02-24,27.59961237324872
1989-02-27,26.554026701124705
1989-02-28,28.954469045539394
1989-03-01,29.20681892814437
1989-03-02,28.018759711766826
1989-03-03,27.423735620018004
1989-03-06,27.37177761622173
1989-03-07,26.292634978272154
1989-03-08,25.78590278033777
1989-03-09,24.804415626412055
1989-03-10,24.776447136437213
1989-03-13,24.334873721090382
1989-03-14,26.53349627810214
1989-03-15,28.92786222933788
1989-03-16,29.94921924582672
1989-03-17,28.923936524337947
1989-03-20,29.047935341238002
1989-03-21,28.048430513707594
1989-03-22,29.061284395172738
1989-03-23,27.894966963836858
1989-03-28,27.900227170951137
1989-03-29,27.256640528041093
1989-03-30,27.116094426658744
1989-03-31,29.196819876769016
1989-04-03,29.90321717966276
1989-04-04,34.58117750384007
1989-04-05,33.59493819071992
1989-04-06,32.37465166369046
1989-04-07,35.23304780038064
1989-04-10,34.58040154217778
1989-04-11,33.413244266587554
1989-04-12,33.035577470884434
1989-04-13,31.72799693045898
1989-04-14,30.469860469577963
1989-04-17,30.26719914447255
1989-04-18,29.60305817731789
1989-04-19,29.354337051530372
1989-04-20,40.94059960537099
1989-04-21,42.32676758341031
1989-04-24,42.88680387258604
1989-04-25,41.9337586585489
1989-04-26,40.042352903409245
1989-04-27,38.312583725079804
1989-04-28,37.786080401023746
1989-05-02,38.02859805142455
1989-05-03,43.88078424439245
1989-05-04,42.442990580562764
1989-05-05,45.25915914276165
1989-05-08,43.8205711742506
1989-05-09,44.50301916898993
1989-05-10,42.822361306474875
1989-05-11,41.05462281702848
1989-05-12,40.53572189237187
1989-05-15,38.792268380825355
1989-05-16,37.05280885122884
1989-05-17,38.288894153161294
1989-05-18,47.751399480813475
1989-05-19,45.5234310772538
1989-05-22,44.144154953435134
1989-05-23,48.65971972842169
1989-05-24,47.067682593551034
1989-05-25,46.41323579094462
1989-05-26,44.270557513976705
1989-05-29,44.78509520208719
1989-05-30,42.76188329719431
1989-05-31,41.55229880232751
1989-06-01,40.05660065652187
1989-06-02,38.53210902933712
1989-06-05,36.84403284975036
1989-06-06,36.67791977358172
1989-06-07,35.087719161711775
1989-06-08,34.835376675355555
1989-06-09,34.65482432266008
1989-06-12,33.3682223369925
1989-06-13,38.343682733693065
1989-06-14,38.22231641518158
1989-06-15,36.61034692579239
1989-06-16,35.013763219137765
1989-06-19,34.61258951290826
1989-06-20,33.566959632028784
1989-06-21,32.12858860101505
1989-06-22,31.521554623222485
1989-06-23,30.53457155844973
1989-06-26,35.23967738710415
1989-06-27,34.08252732651199
1989-06-28,32.622682813791535
1989-06-29,31.711359145129116
1989-06-30,30.79972647393782
1989-07-03,29.576850655996083
1989-07-04,28.516888476692593
1989-07-05,27.819326571771754
1989-07-06,26.961749506792955
1989-07-07,28.48653708080713
1989-07-10,29.911622239452463
1989-07-11,28.68865810312479
1989-07-12,28.093849667084253
1989-07-13,26.97248652720289
1989-07-14,25.963570614389386
1989-07-17,26.19424456430718
1989-07-18,25.473087299075576
1989-07-19,24.511122178863843
1989-07-20,24.249775019271798
1989-07-21,23.594377927946105
1989-07-24,23.1374784755565
1989-07-25,26.710919506241964
1989-07-26,26.65541181744906
1989-07-27,30.16343294978326
1989-07-28,29.666996790170113
1989-07-31,28.58121884475593
1989-08-01,27.545760990122286
1989-08-02,26.55148466714259
1989-08-03,25.841332516199866
1989-08-04,26.32167848250358
1989-08-07,26.411751420997064
1989-08-08,25.58818245573423
1989-08-09,25.495730360248135
1989-08-10,24.994702858298446
1989-08-11,27.640478229121452
1989-08-14,26.60427901108727
1989-08-15,25.954759342221973
1989-08-16,25.28964416011642
1989-08-17,24.339170215502186
1989-08-18,23.502927616415658
1989-08-21,22.94968486631389
1989-08-22,22.220877270600827
1989-08-23,22.148102136155252
1989-08-24,21.412564051940947
1989-08-25,20.73887451916039
1989-08-28,20.3101116420548
1989-08-29,19.69678571007957
1989-08-30,19.378886208547115
1989-08-31,18.831215297693465
1989-09-01,18.396350847503985
1989-09-04,18.23183345545783
1989-09-05,17.940630391776015
1989-09-06,17.49015719358216
1989-09-07,19.454146727131747
1989-09-08,18.890987132399488
1989-09-11,18.37743644699098
1989-09-12,18.295298568246192
1989-09-13,17.96694508731256
1989-09-14,17.92040287503181
1989-09-15,17.964725332518114
1989-09-18,17.52401869857117
1989-09-19,17.64464469510333
1989-09-20,17.716791185679885
1989-09-21,17.51788682681647
1989-09-22,17.134293077051655
1989-09-25,18.945897172242795
1989-09-26,18.57219819991215
1989-09-27,18.07255611890185
1989-09-28,17.791947727916934
1989-09-29,20.06534413138522
1989-10-02,20.950495599144723
1989-10-03,22.160326497840455
1989-10-04,21.721800504090698
1989-10-05,21.02941255987066
1989-10-06,22.34523016548583
1989-10-09,21.585799442140292
1989-10-10,21.567003909356274
1989-10-11,22.207796898446
1989-10-12,22.72863694188141
1989-10-13,23.862258037483667
1989-10-16,24.680616946966676
1989-10-17,24.420318291684392
1989-10-18,23.78360168921548
1989-10-19,23.08124256616574
1989-10-20,22.43033120619846
1989-10-23,21.93268963751122
1989-10-24,22.748782980298962
1989-10-25,22.073261176830584
1989-10-26,21.408889237584933
1989-10-27,23.203318043587647
1989-10-30,23.04687895338078
1989-10-31,23.29520866331239
1989-11-01,22.518392783046895
1989-11-02,22.953125876085352
1989-11-03,22.171314885704017
1989-11-06,22.046831523835827
1989-11-07,21.354504007115167
1989-11-08,20.71038421583825
1989-11-09,20.059489307983032
1989-11-10,19.50773276840729
1989-11-13,19.555588316224878
1989-11-14,19.69833569145466
1989-11-15,19.536147970053303
1989-11-16,19.023655662819788
1989-11-17,18.49128491450789
1989-11-20,18.152102801620842
1989-11-21,17.715480758086706
1989-11-22,17.583971856699677
1989-11-23,17.303786058551523
1989-11-24,17.73314065271009
1989-11-27,17.397243036464474
1989-11-28,16.987145241153573
1989-11-29,18.117175169820733
1989-11-30,17.799558182126347
1989-12-01,19.303309583858514
1989-12-04,19.397323728414857
1989-12-05,24.061561628373806
1989-12-06,23.343331557581468
1989-12-07,22.63335240813736
1989-12-08,21.87761230385215
1989-12-11,21.658634432393107
1989-12-12,22.16593816187744
1989-12-13,21.489371335632125
1989-12-14,21.607800024742676
1989-12-15,21.05921891070931
1989-12-18,20.38446751221085
1989-12-19,20.979789560018773
1989-12-20,21.467380282693867
1989-12-21,20.809708048850027
1989-12-22,20.31433269761628
1989-12-27,21.46315855524105
1989-12-28,22.657144612164853
1989-12-29,21.91583060871686
1990-01-02,21.631672277777362
1990-01-03,21.16253735444372
1990-01-04,37.605348569370875
1990-01-05,36.090241245720314
1990-01-08,36.88789259458982
1990-01-09,51.78341123205185
1990-01-10,50.000720791769815
1990-01-11,51.81200986566209
1990-01-12,49.39576909781234
1990-01-15,47.37089105558125
1990-01-16,46.68355517005631
1990-01-17,45.68625272739333
1990-01-18,46.530799327156394
1990-01-19,44.99436855552029
1990-01-22,44.354368344723575
1990-01-23,43.31792340273398
1990-01-24,44.09169957219312
1990-01-25,42.083140881112655
1990-01-26,41.05562917947333
1990-01-29,39.226066545755124
1990-01-30,37.52228448759634
1990-01-31,35.85367609207077
1990-02-01,34.72394236283087
1990-02-02,33.254884504386254
1990-02-05,31.997239679159257
1990-02-06,30.64330680566768
1990-02-07,29.542866879310935
1990-02-08,30.31657459622507
1990-02-09,29.174648625853273
1990-02-12,28.95423384373526
1990-02-13,27.843566696696836
1990-02-14,27.98254594606988
1990-02-15,28.882119966187926
1990-02-16,28.604349447884754
1990-02-19,27.458296518969778
1990-02-20,26.415372727545964
1990-02-21,26.270609530100682
1990-02-22,25.67388183165476
1990-02-23,25.00421506127484
1990-02-26,28.118896638865564
1990-02-27,27.145006162286233
1990-02-28,27.310636629881497
1990-03-01,26.251425602914054
1990-03-02,25.423109436199514
1990-03-05,24.77717088030624
1990-03-06,23.87686864822932
1990-03-07,23.021975019073114
1990-03-08,23.006408826306764
1990-03-09,22.944813807217233
1990-03-12,22.192622011521
1990-03-13,23.67992394915531
1990-03-14,23.555496424417687
1990-03-15,23.347271644170032
1990-03-16,22.824266220955742
1990-03-19,22.14793232024253
1990-03-20,26.298632931287646
1990-03-21,25.393607393696616
1990-03-22,24.443628189591003
1990-03-23,23.574026333486646
1990-03-26,22.760932575222366
1990-03-27,23.783477678666685
1990-03-28,23.212806699543112
1990-03-29,22.487867402387984
1990-03-30,22.02352794829491
1990-04-02,21.313715053748012
1990-04-03,21.451926440496237
1990-04-04,20.752342868103728
1990-04-05,21.22574897344302
1990-04-06,23.300311971772008
1990-04-09,25.792476508176897
1990-04-10,29.770299514045817
1990-04-11,33.70886654152906
1990-04-12,37.7166091294994
1990-04-17,39.123017927459024
1990-04-18,37.50479188423393
1990-04-19,37.6773416299031
1990-04-20,43.380780692882716
1990-04-23,41.86568736171418
1990-04-24,43.45870263473623
1990-04-25,41.877770002697766
1990-04-26,40.647911984009696
1990-04-27,38.899377904723906
1990-04-30,37.50606703207485
1990-05-01,35.9273631489312
1990-05-02,34.41497045034322
1990-05-03,33.183826424317665
1990-05-04,37.204472387444284
1990-05-07,37.171690264266324
1990-05-08,35.576052287004565
1990-05-09,37.49887963073948
1990-05-10,36.65845831312057
1990-05-11,35.73828458813904
1990-05-14,34.176011807842045
1990-05-15,37.63650666950837
1990-05-16,35.96150664175354
1990-05-17,34.653738807954085
1990-05-18,33.64787521007937
1990-05-21,32.20464381652211
1990-05-22,33.2465017987432
1990-05-23,32.228404997624594
1990-05-24,38.759172128460754
1990-05-25,37.130736801380024
1990-05-29,35.7478117807726
1990-05-30,37.14259079154821
1990-05-31,38.55519452051756
1990-06-01,42.42025238888906
1990-06-04,40.664309283729224
1990-06-05,38.913587580457026
1990-06-06,41.44713844391386
1990-06-07,39.5630959222544
1990-06-08,38.46091262234063
1990-06-11,38.495684945153116
1990-06-12,36.80030650156738
1990-06-13,35.84544261641885
1990-06-14,34.31784983049279
1990-06-15,35.133637216847255
1990-06-18,33.95727993766345
1990-06-19,34.12383604107357
1990-06-20,32.765625628173936
1990-06-21,31.367189366252262
1990-06-22,30.049960709724648
1990-06-25,35.353546092350676
1990-06-26,34.23199870989432
1990-06-27,32.74935978442935
1990-06-28,32.34412893563912
1990-06-29,31.03344816802383
1990-07-02,31.364006496871454
1990-07-03,31.78325855743337
1990-07-04,30.527302120698106
1990-07-05,29.25932183258268
1990-07-06,29.184501917458995
1990-07-09,28.22225346015987
1990-07-10,29.587918833463455
1990-07-11,33.95151350864048
1990-07-12,32.670925820338155
1990-07-13,31.71896754851743
1990-07-16,45.107086585576475
1990-07-17,46.757191551595554
1990-07-18,44.71541215154463
1990-07-19,42.760627898452185
1990-07-20,40.98363230836808
1990-07-23,39.3085497485644
1990-07-24,42.01792673607651
1990-07-25,41.03007158042457
1990-07-26,39.22857511854648
1990-07-27,38.12349300671426
1990-07-30,37.17057357650469
1990-07-31,35.550945649798514
1990-08-01,34.53276276367959
1990-08-02,37.13019637956959
1990-08-03,63.46870451150545
1990-08-06,71.74816073601326
1990-08-07,89.9988773595604
1990-08-08,85.57388566227932
1990-08-09,90.85413991964482
1990-08-10,87.49046834672541
1990-08-13,83.4951762033631
1990-08-14,79.60833919802347
1990-08-15,76.15343179648282
1990-08-16,73.17547953183309
1990-08-17,70.5980960006098
1990-08-20,70.48024286171577
1990-08-21,67.45442736942037
1990-08-22,64.22674461293519
1990-08-23,65.09541960437588
1990-08-24,68.33336262088638
1990-08-27,65.89145956319885
1990-08-28,90.31513528018752
1990-08-29,85.86788859214911
1990-08-30,81.64873615425266
1990-08-31,77.69676998892167
1990-09-03,74.0675268340986
1990-09-04,83.45932361393474
1990-09-05,79.7001584835346
1990-09-06,77.86047207125148
1990-09-07,75.31559151613001
1990-09-10,72.44198083438206
1990-09-11,68.91489524834628
1990-09-12,66.27221479956533
1990-09-13,64.31267676227888
1990-09-14,61.85441166411847
1990-09-17,62.656350799323555
1990-09-18,63.42801629668322
1990-09-19,61.9770239145598
1990-09-20,60.191235148453316
1990-09-21,57.79574149837309
1990-09-24,57.5942951357794
1990-09-25,72.06983216951261
1990-09-26,69.33174021788882
1990-09-27,66.89186492137662
1990-09-28,64.01485785813288
1990-10-01,61.16703445489543
1990-10-02,63.28670078377261
1990-10-03,75.40153476200885
1990-10-04,76.78050055687625
1990-10-05,73.17898518519492
1990-10-08,73.34162123111308
1990-10-09,69.78709457558388
1990-10-10,69.39315131677859
1990-10-11,66.56542733426994
1990-10-12,64.29286391388816
1990-10-15,62.99833237538455
1990-10-16,63.23323437254632
1990-10-17,60.69883998674052
1990-10-18,74.31723570299386
1990-10-19,70.8134608707393
1990-10-22,75.61943690199509
1990-10-23,116.31966978766764
1990-10-24,113.40959116175064
1990-10-25,109.358227317061
1990-10-26,112.28044039349376
1990-10-29,107.35756719757354
1990-10-30,102.82863914203415
1990-10-31,98.407704288665
1990-11-01,95.0230070663175
1990-11-02,92.17407107166532
1990-11-05,88.02687668387571
1990-11-06,85.52961215183002
1990-11-07,81.80063589223317
1990-11-08,80.05907808024702
1990-11-09,76.24095509763966
1990-11-12,73.01633411688027
1990-11-13,72.34010421047907
1990-11-14,69.74730618271701
1990-11-15,70.93341657540458
1990-11-16,67.57728023966163
1990-11-19,69.14597935212952
1990-11-20,65.94283959119558
1990-11-21,63.88977284610694
1990-11-22,61.39713815871873
1990-11-23,59.5466552488956
1990-11-26,57.50418462025427
1990-11-27,69.87529890178405
1990-11-28,66.5951410861222
1990-11-29,64.21150730607286
1990-11-30,61.56819235590329
1990-12-03,77.36212564054827
1990-12-04,73.58270441527574
1990-12-05,70.09028569451156
1990-12-06,69.7379039490026
1990-12-07,81.73991775813384
1990-12-10,79.39964360211353
1990-12-11,75.87206141551252
1990-12-12,73.2178512679974
1990-12-13,70.89053301820717
1990-12-14,68.02348477332269
1990-12-17,65.63548163003445
1990-12-18,62.61836741789657
1990-12-19,60.67851893954385
1990-12-20,58.5891975870258
1990-12-21,56.70667835145377
1990-12-24,55.242360708717165
1990-12-26,54.409688583193486
1990-12-27,51.82569766947414
1990-12-28,50.718908882575754
1990-12-31,48.76564207117616
1991-01-02,49.03956799759924
1991-01-03,54.241034972469585
1991-01-04,60.89165491636075
1991-01-07,61.042729075942894
1991-01-08,67.99575986883292
1991-01-09,64.81697914188143
1991-01-10,91.62018564316871
1991-01-11,120.28036661913586
1991-01-14,114.72903255230472
1991-01-15,124.58640020210699
1991-01-16,118.50169549149673
1991-01-17,113.80552127127928
1991-01-18,204.40927036355362
1991-01-21,200.01441971831073
1991-01-22,190.0396775779112
1991-01-23,183.9602425662077
1991-01-24,177.59371473384718
1991-01-25,171.0339099812859
1991-01-28,162.5078433482034
1991-01-29,154.6859254882815
1991-01-30,147.18279466974067
1991-01-31,139.91300604770848
1991-02-01,133.07503371210484
1991-02-04,126.46816700868587
1991-02-05,120.46723994082373
1991-02-06,114.64447683733925
1991-02-07,110.24849737428693
1991-02-08,104.78703814358732
1991-02-11,99.77858138431688
1991-02-12,95.74655760961315
1991-02-13,91.07525060375986
1991-02-14,86.62412878267833
1991-02-15,83.20006664351904
1991-02-18,95.41684805849138
1991-02-19,92.48363786378057
1991-02-20,88.03497220750167
1991-02-21,86.91382194401064
1991-02-22,82.81292143378126
1991-02-25,81.2478294709969
1991-02-26,77.26837404987837
1991-02-27,73.62065211862317
1991-02-28,72.02425968667225
1991-03-01,71.71846827351803
1991-03-04,68.36988957374541
1991-03-05,68.33561266043823
1991-03-06,65.1303992207669
1991-03-07,62.18443950030378
1991-03-08,59.40597067096177
1991-03-11,58.219747737784346
1991-03-12,56.91926850382328
1991-03-13,54.39690780409383
1991-03-14,69.86616796001248
1991-03-15,67.0165167315707
1991-03-18,67.81062889465754
1991-03-19,67.39397712710465
1991-03-20,66.22918160578999
1991-03-21,63.02698810585618
1991-03-22,60.178219607650206
1991-03-25,57.403943848117635
1991-03-26,55.41949967379334
1991-03-27,53.203241188380154
1991-03-28,50.975046344035256
1991-04-01,48.75227687182978
1991-04-02,46.46980851689605
1991-04-03,45.45867358258826
1991-04-04,43.461159750833914
1991-04-05,41.973004119898285
1991-04-08,41.065650908405935
1991-04-09,39.62396629106914
1991-04-10,37.83923048291257
1991-04-11,39.64978775769754
1991-04-12,38.33402712215584
1991-04-15,38.03202185350542
1991-04-16,36.99740871654142
1991-04-17,36.269660123650034
1991-04-18,34.69913235652341
1991-04-19,35.02563702556883
1991-04-22,33.97268776721674
1991-04-23,35.625040885023935
1991-04-24,34.368955941557
1991-04-25,32.90851928101329
1991-04-26,31.51813346131821
1991-04-29,30.196304984719507
1991-04-30,29.918756238136385
1991-05-01,29.35732967177725
1991-05-02,28.15861597255721
1991-05-03,27.031760475803544
1991-05-06,26.257862759075707
1991-05-07,25.926883295673953
1991-05-08,24.956577304929343
1991-05-09,24.06720996194244
1991-05-10,24.098332370122648
1991-05-13,26.868693349496358
1991-05-14,26.783271791008335
1991-05-15,26.874309078311352
1991-05-16,26.133596889585654
1991-05-17,25.17277658325998
1991-05-20,24.229640363103673
1991-05-21,23.62572229398779
1991-05-22,22.98944729269012
1991-05-23,25.068257835288538
1991-05-24,24.631787174275953
1991-05-28,23.746664232161052
1991-05-29,23.26071303368583
1991-05-30,23.37430816698891
1991-05-31,22.556101528677285
1991-06-03,22.77915466519755
1991-06-04,21.9895411353218
1991-06-05,21.723362024835684
1991-06-06,21.664971971080345
1991-06-07,26.29628564324476
1991-06-10,26.08271175650397
1991-06-11,26.207370000427705
1991-06-12,25.547790557993437
1991-06-13,24.818397529491545
1991-06-14,24.916696581520505
1991-06-17,25.369507637480716
1991-06-18,24.715632822590635
1991-06-19,24.10520959299631
1991-06-20,23.476712250687772
1991-06-21,23.69691940051941
1991-06-24,23.93940513660747
1991-06-25,24.03921923200028
1991-06-26,23.18812754882289
1991-06-27,22.42232112457335
1991-06-28,21.667414662791966
1991-07-01,23.34679091552518
1991-07-02,22.54631074585837
1991-07-03,21.773550472321343
1991-07-04,21.102204574094582
1991-07-05,20.436027598076116
1991-07-08,20.54812128595386
1991-07-09,21.080893027473287
1991-07-10,20.43170515949698
1991-07-11,20.377623624232708
1991-07-12,19.771203001517193
1991-07-15,23.79781930704268
1991-07-16,23.393627461799348
1991-07-17,23.200867282233286
1991-07-18,23.45451404562428
1991-07-19,22.869365257187045
1991-07-22,22.073842429392833
1991-07-23,21.896133407494627
1991-07-24,24.472739425024663
1991-07-25,24.415186454347303
1991-07-26,24.390179119875057
1991-07-29,23.68363510452208
1991-07-30,23.157368622914227
1991-07-31,22.498751821825124
1991-08-01,22.08720637249802
1991-08-02,21.41447254102471
1991-08-05,22.30966905539606
1991-08-06,21.669617585972247
1991-08-07,21.00109986604387
1991-08-08,20.503435970638325
1991-08-09,21.570659904866503
1991-08-12,21.093033293462707
1991-08-13,20.441022211866443
1991-08-14,20.09414313478617
1991-08-15,20.66430512152441
1991-08-16,20.017968223999087
1991-08-19,19.548899139880433
1991-08-20,34.379100464270316
1991-08-21,34.2993282964337
1991-08-22,47.28968496413608
1991-08-23,45.090616885575436
1991-08-26,43.67188885005102
1991-08-27,41.86836670642584
1991-08-28,39.95905288494397
1991-08-29,38.17979453715622
1991-08-30,37.222563297977274
1991-09-02,35.94981528138674
1991-09-03,34.467426411615385
1991-09-04,33.06708734656399
1991-09-05,32.469793387042294
1991-09-06,31.314367183459098
1991-09-09,30.00414079121446
1991-09-10,29.585139772489384
1991-09-11,28.42526119369958
1991-09-12,27.322215893966266
1991-09-13,26.871085807041307
1991-09-16,25.912791746198188
1991-09-17,25.246463040985912
1991-09-18,24.93430305412971
1991-09-19,24.564365113806943
1991-09-20,23.794333117403294
1991-09-23,23.086642129660206
1991-09-24,23.149218834777532
1991-09-25,22.42748594738094
1991-09-26,21.805162031328308
1991-09-27,22.49973044238499
1991-09-30,24.195836067080418
1991-10-01,23.3506241305213
1991-10-02,23.442580305647756
1991-10-03,22.833742770950614
1991-10-04,24.13429678432318
1991-10-07,23.308938335520292
1991-10-08,22.695423510147688
1991-10-09,21.92687582143382
1991-10-10,23.51200455855312
1991-10-11,23.629495896459993
1991-10-14,22.819603255979587
1991-10-15,24.607796514172904
1991-10-16,24.153965460252067
1991-10-17,23.816175147983465
1991-10-18,23.10046186074731
1991-10-21,22.950524175063787
1991-10-22,22.183381671923733
1991-10-23,22.397548425990003
1991-10-24,21.964631381460496
1991-10-25,21.838157873960842
1991-10-28,21.200518938320425
1991-10-29,22.800547811240897
1991-10-30,22.046442397782016
1991-10-31,21.397721074364764
1991-11-01,20.71857375724619
1991-11-04,22.99231190162186
1991-11-05,22.553723837537166
1991-11-06,22.224567288530096
1991-11-07,24.409397270613315
1991-11-08,23.76912143493457
1991-11-11,22.950813813648196
1991-11-12,23.534927559487524
1991-11-13,23.42881543725052
1991-11-14,23.525253340626016
1991-11-15,25.425424189284414
1991-11-18,28.180358580816783
1991-11-19,27.80820417805188
1991-11-20,27.434509927432906
1991-11-21,29.859559240499813
1991-11-22,29.177928151610804
1991-11-25,31.208467518473647
1991-11-26,31.24899912402373
1991-11-27,29.938678153371896
1991-11-28,28.900338165396583
1991-11-29,28.803025383504675
1991-12-02,27.72426691676368
1991-12-03,29.120202471852725
1991-12-04,29.699125632706497
1991-12-05,28.487873711592865
1991-12-06,27.356801420298453
1991-12-09,26.41668599532434
1991-12-10,32.80812718043823
1991-12-11,31.679909740902897
1991-12-12,30.68349947990699
1991-12-13,30.375538067296947
1991-12-16,31.411934350479704
1991-12-17,32.76003789039018
1991-12-18,33.293933977927786
1991-12-19,31.866233070561005
1991-12-20,30.519915879152137
1991-12-23,30.999728437479718
1991-12-24,39.088456703790776
1991-12-26,37.62512796563225
1991-12-27,35.950764489888805
1991-12-30,34.384612554169365
1991-12-31,33.531700101348044
1992-01-02,32.8224525631791
1992-01-03,36.39053827734501
1992-01-06,34.802477359173004
1992-01-07,33.86748741466879
1992-01-08,33.69439695763433
1992-01-09,43.87777377380978
1992-01-10,42.00696744727059
1992-01-13,40.107556186991594
1992-01-14,44.62133180869664
1992-01-15,42.727945783707426
1992-01-16,40.94200986565809
1992-01-17,39.80991559839075
1992-01-20,38.38905875082544
1992-01-21,36.684432342938415
1992-01-22,38.56164813267618
1992-01-23,36.84176868124329
1992-01-24,35.9028723968135
1992-01-27,34.821931909484746
1992-01-28,33.76093871345625
1992-01-29,32.47343371064127
1992-01-30,31.99166655728677
1992-01-31,30.674961554348577
1992-02-03,29.41935801618322
1992-02-04,28.666935693425998
1992-02-05,27.531266261790144
1992-02-06,26.50898754686978
1992-02-07,25.505819177039918
1992-02-10,24.565642798880884
1992-02-11,25.409183797400264
1992-02-12,27.34293825503857
1992-02-13,26.583322922584117
1992-02-14,26.038592105391682
1992-02-17,25.15427037274669
1992-02-18,35.609772800538295
1992-02-19,34.06812217599394
1992-02-20,33.079330878861555
1992-02-21,33.00115250692507
1992-02-24,31.81871981373712
1992-02-25,34.63295594436555
1992-02-26,33.132925733492414
1992-02-27,32.00819365020555
1992-02-28,31.49714275293881
1992-03-02,30.31405675376474
1992-03-03,29.207363227778423
1992-03-04,29.29530579182965
1992-03-05,28.782753920856507
1992-03-06,27.899042327394604
1992-03-09,27.053162483590103
1992-03-10,26.020017192572602
1992-03-11,25.02397829562215
1992-03-12,24.48050714244999
1992-03-13,23.91241756565388
1992-03-16,25.203992122117015
1992-03-17,24.2588946779472
1992-03-18,23.68736269860743
1992-03-19,23.718644026172317
1992-03-20,22.867990509553728
1992-03-23,22.214699095975188
1992-03-24,21.993717554262304
1992-03-25,21.32402515860214
1992-03-26,20.663169595153814
1992-03-27,21.31626809295277
1992-03-30,20.947867492097934
1992-03-31,20.54446383291611
1992-04-01,34.794923230604475
1992-04-02,38.01441487931499
1992-04-03,36.506286533574354
1992-04-06,34.9757960716095
1992-04-07,34.27390857304431
1992-04-08,32.78887618399614
1992-04-09,31.97566384579167
1992-04-10,31.20080254066927
1992-04-13,29.98342344422357
1992-04-14,28.755346769281374
1992-04-15,27.998122345645754
1992-04-16,27.678047589603377
1992-04-20,27.98226438824737
1992-04-21,26.866063262255153
1992-04-22,25.839292916991734
1992-04-23,25.836580392213808
1992-04-24,24.869811264192812
1992-04-27,24.4430505207106
1992-04-28,23.54604195050136
1992-04-29,23.719463417668347
1992-04-30,22.983395385009466
1992-05-01,23.907639099549993
1992-05-04,23.420113897860663
1992-05-05,22.610678270856287
1992-05-06,21.943172775284825
1992-05-07,22.478436565703014
1992-05-08,21.727444069001358
1992-05-11,21.01771926812736
1992-05-12,20.468233874019337
1992-05-13,19.890121141284464
1992-05-14,19.597095374373918
1992-05-15,19.675628162234553
1992-05-18,19.147732049166883
1992-05-19,18.606446486240298
1992-05-20,20.697445394277967
1992-05-21,20.05840313969907
1992-05-22,20.921103078285796
1992-05-26,20.26636572030688
1992-05-27,29.36821463087473
1992-05-28,28.971479562104303
1992-05-29,27.854014127198678
1992-06-01,26.759616489252462
1992-06-02,26.094023496183066
1992-06-03,25.12852614509786
1992-06-04,25.627429195141953
1992-06-05,24.91569617108746
1992-06-08,24.705528837176306
1992-06-09,23.91641758465193
1992-06-10,23.23514997220348
1992-06-11,22.505136423343732
1992-06-12,22.584632296837125
1992-06-15,21.846800353925158
1992-06-16,21.119590000825074
1992-06-17,20.834665697659837
1992-06-18,20.324819385411573
1992-06-19,20.173408846073606
1992-06-22,19.712552740651773
1992-06-23,20.388606040164895
1992-06-24,22.929332820386932
1992-06-25,22.538920491531805
1992-06-26,21.803482221860257
1992-06-29,21.590089131440156
1992-06-30,21.509899875344964
1992-07-01,23.646697165473732
1992-07-02,24.30245800763716
1992-07-03,24.270785102151322
1992-07-06,23.528266508226853
1992-07-07,23.204073278352684
1992-07-08,27.334876740432428
1992-07-09,26.38786478327483
1992-07-10,25.42864049112325
1992-07-13,24.99697265463972
1992-07-14,24.443157368128695
1992-07-15,23.792590119098524
1992-07-16,23.17604059603123
1992-07-17,24.066569407892523
1992-07-20,23.21043263710133
1992-07-21,23.225470535872148
1992-07-22,22.47227776499328
1992-07-23,22.178374382103033
1992-07-24,22.172101733950385
1992-07-27,21.579933004300074
1992-07-28,20.879457655484224
1992-07-29,20.6990300413463
1992-07-30,20.204153712969422
1992-07-31,20.17997449891453
1992-08-03,19.729149847162518
1992-08-04,19.194619387418925
1992-08-05,21.990896489584234
1992-08-06,21.686918553400687
1992-08-07,21.087898449529195
1992-08-10,20.431068540468917
1992-08-11,20.438680287228877
1992-08-12,19.897830843629684
1992-08-13,19.707260554388352
1992-08-14,19.576722076474283
1992-08-17,19.030938764382373
1992-08-18,18.557147808718792
1992-08-19,18.11153298679112
1992-08-20,17.836687819631955
1992-08-21,17.921155368061253
1992-08-24,17.498645530821403
1992-08-25,17.102780319510046
1992-08-26,16.720739927708443
1992-08-27,16.420582545335225
1992-08-28,16.43446853720148
1992-08-31,16.46815654040566
1992-09-01,16.1280140987905
1992-09-02,16.706478162595683
1992-09-03,16.566836043966855
1992-09-04,16.277573448606862
1992-09-07,16.044482425771243
1992-09-08,15.889275772753209
1992-09-09,16.060090492359137
1992-09-10,15.759665911788645
1992-09-11,15.501358556334651
1992-09-14,15.269844931663338
1992-09-15,16.80336509563685
1992-09-16,17.011119659849566
1992-09-17,16.728317665381727
1992-09-18,16.49766407588868
1992-09-21,16.212312660909248
1992-09-22,16.327947974444985
1992-09-23,16.50789599689814
1992-09-24,16.778755207232717
1992-09-25,16.60779968995601
1992-09-28,16.45384136221478
1992-09-29,16.17218914156169
1992-09-30,16.060433532764073
1992-10-01,15.752756496651754
1992-10-02,15.621274009438007
1992-10-05,15.572790830846964
1992-10-06,16.074658563780726
1992-10-07,15.773172612373692
1992-10-08,15.51916157265121
1992-10-09,15.908052264556469
1992-10-12,15.61265897392996
1992-10-13,16.96412373660382
1992-10-14,16.591574935149872
1992-10-15,16.647860558934457
1992-10-16,16.320982999522595
1992-10-19,16.02023660979483
1992-10-20,15.772391991447101
1992-10-21,15.545678123849068
1992-10-22,18.02403231254249
1992-10-23,17.960487327097592
1992-10-26,17.6943189475802
1992-10-27,18.34451696101507
1992-10-28,17.86156160613365
1992-10-29,17.73384485069923
1992-10-30,18.41891054140032
1992-11-02,19.21702606305577
1992-11-03,18.879452145736504
1992-11-04,18.498976238734596
1992-11-05,19.779767937481083
1992-11-06,19.619888713550793
1992-11-09,19.143098636563533
1992-11-10,18.625191038044246
1992-11-11,20.935537470777703
1992-11-12,20.550975421714003
1992-11-13,20.700038784524864
1992-11-16,20.34452917433518
1992-11-17,20.038243822299368
1992-11-18,19.486543515350785
1992-11-19,18.97537885509196
1992-11-20,20.63738910086846
1992-11-23,19.991512559080643
1992-11-24,21.126279272865965
1992-11-25,20.453645673673535
1992-11-26,19.95260292875518
1992-11-27,21.3355227123848
1992-11-30,20.951370966427778
1992-12-01,20.685640409253914
1992-12-02,25.258891606874652
1992-12-03,25.35005770909932
1992-12-04,24.885016073221234
1992-12-07,24.249911638410982
1992-12-08,23.533310520507953
1992-12-09,23.1718015761971
1992-12-10,23.638024991971292
1992-12-11,26.02802275606005
1992-12-14,25.135928882229635
1992-12-15,24.645616573916364
1992-12-16,24.570089066099936
1992-12-17,23.79524501450826
1992-12-18,24.05769937028048
1992-12-21,23.372932050824726
1992-12-22,22.551560984233777
1992-12-23,22.80721055385541
1992-12-24,22.335296971711937
1992-12-29,21.60311739606967
1992-12-30,22.93530109895514
1992-12-31,22.320687582634964
1993-01-04,21.563154741699712
1993-01-05,21.133412933846703
1993-01-06,21.618980845231455
1993-01-07,20.938552026288036
1993-01-08,20.304998462123216
1993-01-11,22.003529476298013
1993-01-12,21.297930337692595
1993-01-13,23.987750483256196
1993-01-14,23.119808030617513
1993-01-15,22.67311374514732
1993-01-18,23.185329600828798
1993-01-19,22.391914416330806
1993-01-20,22.977100392374936
1993-01-21,23.630522286642
1993-01-22,23.315960072667114
1993-01-25,23.142878033410735
1993-01-26,26.16845202728207
1993-01-27,26.81297343741882
1993-01-28,25.812830830254324
1993-01-29,25.795561135944123
1993-02-01,26.211798826752215
1993-02-02,25.255143077491994
1993-02-04,24.647406321251044
1993-02-05,24.553244833915418
1993-02-08,23.673585623425364
1993-02-09,23.182661088338353
1993-02-10,23.135055519695403
1993-02-11,22.628501803456963
1993-02-12,21.89887471640252
1993-02-15,21.19550000284786
1993-02-16,24.472417906982447
1993-02-17,24.23803181170559
1993-02-18,24.486343711696247
1993-02-19,23.760495550291893
1993-02-22,25.99335468827438
1993-02-23,26.365071294049162
1993-02-24,26.094259077377828
1993-02-25,25.09361582199076
1993-02-26,24.199092138280946
1993-03-01,23.31762938893623
1993-03-02,23.0141450175501
1993-03-03,22.822982029881985
1993-03-04,22.154324448991286
1993-03-05,23.768274492020712
1993-03-08,23.677020569369212
1993-03-09,24.219024876687904
1993-03-10,23.37981185331992
1993-03-11,22.89347179209295
1993-03-12,24.18861494945984
1993-03-15,23.516179877302346
1993-03-16,22.70339509149808
1993-03-17,23.5635041245538
1993-03-18,22.74853043835367
1993-03-19,22.08849530722481
1993-03-22,21.59436947589211
1993-03-23,23.43343888512183
1993-03-24,22.628301643658077
1993-03-25,23.14359428851981
1993-03-26,22.387668179329474
1993-03-29,21.673861852074303
1993-03-30,21.09197840105526
1993-03-31,21.107272106326544
1993-04-01,21.366614972291952
1993-04-02,21.802532781482423
1993-04-05,21.252432649712386
1993-04-06,20.62437914897316
1993-04-07,21.464467427510005
1993-04-08,20.78998471267614
1993-04-13,20.645712790426288
1993-04-14,21.10519103228476
1993-04-15,20.522395624639252
1993-04-16,20.07430463062378
1993-04-19,19.787936629299523
1993-04-20,19.213402150415117
1993-04-21,18.698942851816515
1993-04-22,18.55631694305679
1993-04-23,18.834561333728846
1993-04-26,18.68168063094964
1993-04-27,18.174058523307593
1993-04-28,17.764587450566538
1993-04-29,17.545590166407322
1993-04-30,18.9153881662517
1993-05-04,18.421523274714882
1993-05-05,17.96418916548436
1993-05-06,17.569429469918646
1993-05-07,18.471807395123697
1993-05-10,18.411412110073393
1993-05-11,17.92354104127798
1993-05-12,17.922586847292116
1993-05-13,17.541697598194045
1993-05-14,17.9181197781269
1993-05-17,19.19021847382959
1993-05-18,18.9402437514325
1993-05-19,18.62825305963947
1993-05-20,18.186653328918577
1993-05-21,17.74180495520377
1993-05-24,17.369226887011465
1993-05-25,17.135147502604575
1993-05-26,16.743071618386228
1993-05-27,16.5076088152248
1993-05-28,18.50145928916885
1993-06-01,18.0069883196754
1993-06-02,17.582762871198216
1993-06-03,17.156586458376005
1993-06-04,18.948114172959933
1993-06-07,18.58133644663709
1993-06-08,19.319781655754554
1993-06-09,19.669824860016586
1993-06-10,19.091385789629168
1993-06-11,18.579181358116315
1993-06-14,23.784273697476607
1993-06-15,22.981296252510354
1993-06-16,23.540771170432777
1993-06-17,22.709719530572418
1993-06-18,22.123957644777338
1993-06-21,21.58416896211253
1993-06-22,20.90772246065099
1993-06-23,20.243306554383896
1993-06-24,19.62468620701555
1993-06-25,19.086245833705995
1993-06-28,18.54937380917985
1993-06-29,18.05139892285908
1993-06-30,18.82763827640297
1993-07-01,18.37537003928877
1993-07-02,21.961642926253692
1993-07-05,23.541732156588065
1993-07-06,23.74564763456547
1993-07-07,23.897688366598278
1993-07-08,23.982967199967163
1993-07-09,25.277671106119293
1993-07-12,24.339470904856647
1993-07-13,24.472662748728936
1993-07-14,24.02558195269767
1993-07-15,26.603106561938123
1993-07-16,25.582050358796277
1993-07-19,24.83096600177571
1993-07-20,23.921036329236166
1993-07-21,23.057372242609702
1993-07-22,22.628154890293313
1993-07-23,21.989325037873552
1993-07-26,21.95972005308189
1993-07-27,21.224289178143778
1993-07-28,20.538319289034284
1993-07-29,21.340346080211443
1993-07-30,20.707168841956122
1993-08-02,21.143934203369838
1993-08-03,20.463419844871883
1993-08-04,21.939630248047266
1993-08-05,21.375798984194642
1993-08-06,20.70579064753083
1993-08-09,21.110144845854197
1993-08-10,20.514775934358077
1993-08-11,20.39887402808458
1993-08-12,21.31689316803255
1993-08-13,21.359492852198343
1993-08-16,21.06147615542237
1993-08-17,20.753616643362896
1993-08-18,20.20669786598636
1993-08-19,20.923268316241966
1993-08-20,20.257790065213502
1993-08-23,19.676732732247366
1993-08-24,19.532132452339923
1993-08-25,19.146458410527664
1993-08-26,19.995846411608685
1993-08-27,19.47829202069869
1993-08-31,20.662118558422492
1993-09-01,22.0609399853115
1993-09-02,21.98677521594577
1993-09-03,21.312218875371343
1993-09-06,21.255446754231876
1993-09-07,20.804729382979186
1993-09-08,23.226024046141056
1993-09-09,23.271000633191687
1993-09-10,22.561156252201112
1993-09-13,23.73823155538137
1993-09-14,22.886316804213475
1993-09-15,22.532005430052298
1993-09-16,22.958365189255495
1993-09-17,22.275223740610155
1993-09-20,21.804343024432217
1993-09-21,25.52113650307608
1993-09-22,25.36182319229044
1993-09-23,26.870320815018417
1993-09-24,25.821831609015216
1993-09-27,25.65015416230328
1993-09-28,24.677127556696433
1993-09-29,25.293834611506316
1993-09-30,26.62799212528435
1993-10-01,28.483133504569235
1993-10-04,27.68589642893812
1993-10-05,27.105213682015872
1993-10-06,26.29083865916621
1993-10-07,25.866534896119912
1993-10-08,25.06269512363721
1993-10-11,24.26968728765222
1993-10-12,23.72683203983314
1993-10-13,22.877764948541436
1993-10-14,22.51635063828076
1993-10-15,22.5215357624505
1993-10-18,21.96180268839676
1993-10-19,22.049609446036616
1993-10-20,21.31809029825326
1993-10-21,21.03615554709268
1993-10-22,21.0979318414213
1993-10-25,23.532236113620613
1993-10-26,25.000002618984997
1993-10-27,24.704482239635567
1993-10-28,23.79088500519496
1993-10-29,23.25001731531026
1993-11-01,25.66191024166819
1993-11-02,27.48543889660385
1993-11-03,27.13815531938293
1993-11-04,26.732916384850398
1993-11-05,25.74903298746543
1993-11-08,24.82843401586835
1993-11-09,27.76231896347013
1993-11-10,26.694095714186922
1993-11-11,25.87122905870199
1993-11-12,24.946603203249175
1993-11-15,24.251326693268442
1993-11-16,23.93377941827572
1993-11-17,23.18447125557081
1993-11-18,23.33261360922646
1993-11-19,23.021200860649195
1993-11-22,22.746370322364896
1993-11-23,22.15420364594256
1993-11-24,21.662188382680334
1993-11-25,21.321047130156337
1993-11-26,32.86165757620456
1993-11-29,31.55937627763898
1993-11-30,31.266281808111344
1993-12-01,30.532264204018183
1993-12-02,29.976769156553505
1993-12-03,30.299027855818238
1993-12-06,29.880498211380413
1993-12-07,28.71403388017041
1993-12-08,27.5672652289293
1993-12-09,30.572429669732436
1993-12-10,29.746184265748994
1993-12-13,29.325109402739308
1993-12-14,28.317059472584088
1993-12-15,39.92906792215348
1993-12-16,50.48992262684866
1993-12-17,48.50409031180914
1993-12-20,46.8367675805255
1993-12-21,45.34570533924083
1993-12-22,43.742638511736125
1993-12-23,42.044105004743926
1993-12-24,40.172535783427
1993-12-29,38.86183724624364
1993-12-30,38.25086934962032
1993-12-31,36.61697729284098
1994-01-04,35.01074534236146
1994-01-05,34.62521041982901
1994-01-06,40.41267020274707
1994-01-07,41.35117034992805
1994-01-10,39.54491921950123
1994-01-11,41.08910428144298
1994-01-12,39.26770101247219
1994-01-13,38.157460622572856
1994-01-14,36.850297591295956
1994-01-17,37.163118344788394
1994-01-18,36.8694554292254
1994-01-19,36.70912110891671
1994-01-20,35.423658628202496
1994-01-21,34.280051535690006
1994-01-24,33.063046442047
1994-01-25,31.87831350322505
1994-01-26,31.850991213799045
1994-01-27,30.97017988285582
1994-01-28,29.68749756753752
1994-01-31,28.81125728608161
1994-02-01,28.218746501585017
1994-02-02,27.795211645673113
1994-02-03,29.05041800527764
1994-02-04,27.96341276630427
1994-02-07,32.07234694422747
1994-02-08,32.5949901570699
1994-02-09,35.01767115286656
1994-02-10,39.532305506574886
1994-02-11,37.784146436938975
1994-02-14,36.32421357187247
1994-02-15,36.36717680338368
1994-02-16,36.160681020607186
1994-02-17,34.627210645896106
1994-02-18,33.87078928177012
1994-02-21,34.04054157707531
1994-02-22,32.60993086604997
1994-02-23,31.664614701841927
1994-02-24,30.330034503466162
1994-02-25,29.908426768642848
1994-02-28,28.80368997334834
1994-03-01,29.08822548785831
1994-03-02,28.378006828390767
1994-03-03,27.283396146003202
1994-03-04,26.256494661243874
1994-03-07,25.636039446693935
1994-03-08,27.01696893461133
1994-03-09,25.96431971168335
1994-03-10,25.516266451593133
1994-03-11,24.70155922513806
1994-03-14,28.978593082550912
1994-03-15,29.98166600752873
1994-03-16,29.913480091037037
1994-03-17,28.685067668770547
1994-03-18,27.58953886179116
1994-03-21,27.39862488040555
1994-03-22,31.104040317799708
1994-03-23,30.850952856758862
1994-03-24,31.213920936969604
1994-03-25,29.915668564754146
1994-03-28,28.71998880694192
1994-03-29,39.5062348105872
1994-03-30,39.99479380954462
1994-03-31,38.59673124142452
1994-04-05,36.87146828291563
1994-04-06,51.37937432608809
1994-04-07,48.95641842338173
1994-04-08,46.71182271633364
1994-04-11,44.67884703372743
1994-04-12,44.86174476478132
1994-04-13,42.83926107267544
1994-04-14,41.35061279686737
1994-04-15,40.41188423315
1994-04-18,38.622595705826534
1994-04-19,37.670000320291194
1994-04-20,37.68386225436694
1994-04-21,36.3743812236401
1994-04-22,36.19077206382485
1994-04-25,39.64004792533861
1994-04-26,37.95235835085716
1994-04-27,37.601037250346394
1994-04-28,37.09758864287446
1994-04-29,35.600775798716235
1994-05-03,35.33445769886209
1994-05-04,38.09575462213526
1994-05-05,36.39687216577454
1994-05-06,34.938701433525864
1994-05-09,35.4245647678686
1994-05-10,33.94246193401602
1994-05-11,32.57568229377686
1994-05-12,31.531120647509862
1994-05-13,30.501896218591064
1994-05-16,30.09157249180191
1994-05-17,29.966157102115837
1994-05-18,31.199114601815896
1994-05-19,30.20309930236826
1994-05-20,29.362331760557105
1994-05-23,28.24664617513037
1994-05-24,29.445742875012403
1994-05-25,28.241766105754518
1994-05-26,28.540626288265038
1994-05-27,28.423137775695555
1994-05-31,27.28034215252083
1994-06-01,26.353123947471197
1994-06-02,26.103502312870702
1994-06-03,25.156239533090563
1994-06-06,25.12090929228249
1994-06-07,24.214703367942658
1994-06-08,24.37639141192463
1994-06-09,25.25769692395578
1994-06-10,28.201020293162653
1994-06-13,28.00784038894712
1994-06-14,27.281046922063023
1994-06-15,26.64348357286748
1994-06-16,27.26592245309391
1994-06-17,26.509600260758027
1994-06-20,26.389321254984065
1994-06-21,26.25387376400397
1994-06-22,26.10560615591509
1994-06-23,25.46775456632845
1994-06-24,25.042362803657586
1994-06-27,24.243378202346257
1994-06-28,23.359088587744434
1994-06-29,25.486521212289027
1994-06-30,25.452842723807578
1994-07-01,25.19017788315408
1994-07-04,24.811890249281753
1994-07-05,24.27233715677126
1994-07-06,25.611327054360366
1994-07-07,25.528663503516047
1994-07-08,24.826530377971462
1994-07-11,24.65920073808458
1994-07-12,27.15120970637163
1994-07-13,33.1658704458833
1994-07-14,31.744359814497408
1994-07-15,30.464110681965234
1994-07-18,29.61195411792874
1994-07-19,33.45462265149464
1994-07-20,33.121797648707236
1994-07-21,31.950018609824788
1994-07-22,30.70538670695675
1994-07-25,29.61825581141646
1994-07-26,29.139884006663475
1994-07-27,28.025860608336405
1994-07-28,28.95198692934415
1994-07-29,28.116599916198
1994-08-01,29.71600819707982
1994-08-02,31.693172617726834
1994-08-03,33.53900100008102
1994-08-04,32.0960421883693
1994-08-05,30.772000419096244
1994-08-08,34.24763163059671
1994-08-09,32.98733937325307
1994-08-10,32.32668905410004
1994-08-11,32.46254900538932
1994-08-12,31.403497217756595
1994-08-15,32.13018872391227
1994-08-16,32.38721380531582
1994-08-17,31.08814976410018
1994-08-18,32.05202973662877
1994-08-19,30.696851888056685
1994-08-22,29.87817627607724
1994-08-23,39.43654050176513
1994-08-24,37.68596371031586
1994-08-25,39.09636989374785
1994-08-26,37.37881690215357
1994-08-30,35.830631674632926
1994-08-31,34.33485228718725
1994-09-01,33.657215504455564
1994-09-02,32.20747387823466
1994-09-05,31.197237185101777
1994-09-06,31.137075005252107
1994-09-07,31.609637978316247
1994-09-08,30.35792288215821
1994-09-09,29.102091074527685
1994-09-12,28.174424051273935
1994-09-13,27.236210719371666
1994-09-14,28.350973406631024
1994-09-15,27.34335789228784
1994-09-16,26.716241215467175
1994-09-19,25.71335801930182
1994-09-20,25.139144432920553
1994-09-21,26.160788455765466
1994-09-22,25.15868750581242
1994-09-23,24.380787513051025
1994-09-26,26.250456144492933
1994-09-27,25.96963387332411
1994-09-28,24.976722461031816
1994-09-29,24.204921530990518
1994-09-30,26.00604271211623
1994-10-03,25.26056258356451
1994-10-04,24.52539107605999
1994-10-05,24.04387660456516
1994-10-06,23.92884438811345
1994-10-07,23.33865007325935
1994-10-10,24.021616205703637
1994-10-11,24.115874178991
1994-10-12,25.09571833076956
1994-10-13,25.799638665556802
1994-10-14,28.399251408495434
1994-10-17,27.312070985627862
1994-10-18,26.710274851779303
1994-10-19,28.02442635749921
1994-10-20,27.238023986752975
1994-10-21,27.116720838198628
1994-10-24,26.615377436590432
1994-10-25,25.834605954807504
1994-10-26,24.85008749285951
1994-10-27,26.464722542995002
1994-10-28,26.018955170256774
1994-10-31,25.157635950377305
1994-11-01,24.215451337001305
1994-11-02,24.06894093295793
1994-11-03,23.674948809320437
1994-11-04,23.25076699961479
1994-11-07,23.356584202205486
1994-11-08,23.337626014125917
1994-11-09,25.101980174461946
1994-11-10,24.573489615963336
1994-11-11,25.637512172427478
1994-11-14,25.127252456615956
1994-11-15,24.482070045235904
1994-11-16,24.825872744394985
1994-11-17,24.485455109922018
1994-11-18,24.893506714997798
1994-11-21,24.099340828687172
1994-11-22,32.39354242929773
1994-11-23,31.056529425808893
1994-11-24,31.146938698682586
1994-11-25,29.89568803971449
1994-11-28,28.690272134390444
1994-11-29,27.577566083659637
1994-11-30,26.51324850687563
1994-12-01,25.536543237102478
1994-12-02,24.57857132049107
1994-12-05,29.938135432374384
1994-12-06,31.37848879784536
1994-12-07,30.25234472098987
1994-12-08,29.789596854960276
1994-12-09,29.892730625715508
1994-12-12,28.710911325822014
1994-12-13,27.73371804943941
1994-12-14,27.7384583827112
1994-12-15,26.787950000734252
1994-12-16,26.735335043015716
1994-12-19,25.988294127623863
1994-12-20,25.160592057588754
1994-12-21,24.614343356279893
1994-12-22,23.85211610950782
1994-12-23,23.056931242586693
1994-12-28,22.315726578967666
1994-12-29,26.77495335301127
1994-12-30,26.184832084713083
1995-01-03,25.190042979181964
1995-01-04,26.481122402479063
1995-01-05,25.489741601033156
1995-01-06,25.2003810461711
1995-01-09,25.060672039848313
1995-01-10,25.473061759715137
1995-01-11,24.64634712581987
1995-01-12,26.440708249185374
1995-01-13,25.507885118710927
1995-01-16,25.944822443137145
1995-01-17,25.46987714261599
1995-01-18,27.020150599715414
1995-01-19,26.373402025516818
1995-01-20,25.591267305409204
1995-01-23,24.944049836679675
1995-01-24,24.91542098751781
1995-01-25,24.322256578460205
1995-01-26,23.953766857398104
1995-01-27,24.216194251151258
1995-01-30,25.519029207643662
1995-01-31,25.98696754013557
1995-02-01,25.20200525943213
1995-02-02,25.21627084232403
1995-02-03,24.322453539469993
1995-02-06,25.869521206074854
1995-02-07,26.492784983836952
1995-02-08,25.487863980926424
1995-02-09,24.535874149624355
1995-02-10,24.21704011110945
1995-02-13,23.33443144824503
1995-02-14,22.51744572435515
1995-02-15,21.979008890847833
1995-02-16,21.40235110104954
1995-02-17,20.713542020841157
1995-02-20,21.3510323545328
1995-02-21,20.665264391453793
1995-02-22,21.24611559908826
1995-02-23,20.774560812061296
1995-02-24,20.121694546240782
1995-02-27,19.51154252556728
1995-02-28,20.116108822738166
1995-03-01,19.820888257898055
1995-03-02,22.10029386660454
1995-03-03,23.100610687975024
1995-03-06,22.571573877671522
1995-03-07,21.870204936251913
1995-03-08,21.30676192583109
1995-03-09,20.930000206418303
1995-03-10,20.41586558783521
1995-03-13,20.297255363728834
1995-03-14,20.58106651747749
1995-03-15,19.950015212250065
1995-03-16,19.39272036726974
1995-03-17,19.121194467238674
1995-03-20,18.62333215230049
1995-03-21,19.74776308031561
1995-03-22,19.191550427365954
1995-03-23,20.186756629262398
1995-03-24,22.40663378949345
1995-03-27,22.093221927827905
1995-03-28,21.853571204939698
1995-03-29,21.12714822615628
1995-03-30,21.085674848179682
1995-03-31,20.511628629569408
1995-04-03,19.87441993128606
1995-04-04,19.49282755879559
1995-04-05,19.30634519025752
1995-04-06,20.48513769366903
1995-04-07,20.19282908493605
1995-04-10,19.63350269697749
1995-04-11,20.6897676472201
1995-04-12,23.52704572974778
1995-04-13,22.811822834963
1995-04-18,29.608917688408642
1995-04-19,32.0092250711973
1995-04-20,30.973636191686694
1995-04-21,31.462595040398035
1995-04-24,30.144328220859812
1995-04-25,29.104149670854373
1995-04-26,28.8587351260574
1995-04-27,29.97454727789305
1995-04-28,29.066346500732003
1995-05-01,28.01607864355759
1995-05-02,28.63027109935874
1995-05-03,30.836894708036095
1995-05-04,32.324399523722015
1995-05-05,32.19922621818
1995-05-08,31.111250968450783
1995-05-09,29.873914098324622
1995-05-10,33.49048716996009
1995-05-11,32.05788719924878
1995-05-12,30.708351855373234
1995-05-15,29.669521311037855
1995-05-16,28.894555135528492
1995-05-17,27.826665028270536
1995-05-18,26.73680689008441
1995-05-19,26.69771262976982
1995-05-22,26.14940734093859
1995-05-23,25.18909534377473
1995-05-24,24.36356235870847
1995-05-25,23.526654231093886
1995-05-26,26.995558368293743
1995-05-30,26.526351118310583
1995-05-31,27.488345264473406
1995-06-01,26.690337338516475
1995-06-02,25.835161225942816
1995-06-05,25.387258814910762
1995-06-06,25.88905025070649
1995-06-07,26.039558278588466
1995-06-08,25.459188384171583
1995-06-09,25.110237040177125
1995-06-12,25.14364306304596
1995-06-13,24.25126708313815
1995-06-14,23.94104985092459
1995-06-15,23.746049895719832
1995-06-16,24.397177517629103
1995-06-19,24.152787587519246
1995-06-20,32.63663769175899
1995-06-21,31.268903501140493
1995-06-22,33.044656803293634
1995-06-23,31.654536013775758
1995-06-26,30.660991256524007
1995-06-27,29.67943236305553
1995-06-28,28.539722270974625
1995-06-29,28.813966009179037
1995-06-30,30.59341359202849
1995-07-03,29.397916176884625
1995-07-04,29.02663410656911
1995-07-05,30.596206759363792
1995-07-06,29.385647512609637
1995-07-07,28.50805086943077
1995-07-10,27.41104089247724
1995-07-11,27.190958055474436
1995-07-12,26.15517789560901
1995-07-13,25.306300730915805
1995-07-14,24.41271076671322
1995-07-17,24.18064635304405
1995-07-18,23.415094600584304
1995-07-19,22.64865948653134
1995-07-20,22.139330186719068
1995-07-21,21.73481595335369
1995-07-24,23.444442294745436
1995-07-25,22.62287107696196
1995-07-26,22.03632988359803
1995-07-27,26.42959459349814
1995-07-28,25.41986223030265
1995-07-31,24.519229593634883
1995-08-01,24.085856709240097
1995-08-02,25.055533638903366
1995-08-03,24.12913713060907
1995-08-04,23.659309828793766
1995-08-07,22.948099811817897
1995-08-08,22.841890232611913
1995-08-09,22.22614414028805
1995-08-10,21.786533727890603
1995-08-11,21.128889630090246
1995-08-14,20.887539770048527
1995-08-15,22.194055961324743
1995-08-16,21.60022041263606
1995-08-17,21.01602232953924
1995-08-18,20.434599490329923
1995-08-21,20.479000776846394
1995-08-22,20.832735982022257
1995-08-23,20.187757483763964
1995-08-24,21.039668636627194
1995-08-25,21.24295668231772
1995-08-29,21.069337993749052
1995-08-30,20.508814609983478
1995-08-31,19.941194669402957
1995-09-01,19.346812143309126
1995-09-04,18.834161120346906
1995-09-05,21.163449485812677
1995-09-06,20.53813967461768
1995-09-07,19.965089855090458
1995-09-08,19.39387976630107
1995-09-11,20.982117002060306
1995-09-12,20.996942371753804
1995-09-13,20.731516276257487
1995-09-14,20.143055381801574
1995-09-15,19.947487597516435
1995-09-18,19.949215897316297
1995-09-19,19.3873579924733
1995-09-20,18.828949365088434
1995-09-21,19.476199370797165
1995-09-22,22.19224668428875
1995-09-25,22.26618967242314
1995-09-26,22.52033594716988
1995-09-27,21.77385621049411
1995-09-28,21.36441474312218
1995-09-29,23.22119442280086
1995-10-02,22.511052774680014
1995-10-03,21.76413579061571
1995-10-04,21.051720676646987
1995-10-05,21.087448666261313
1995-10-06,26.279935317083453
1995-10-09,25.472572828531153
1995-10-10,25.591152140739
1995-10-11,24.67930317064931
1995-10-12,23.93139431265406
1995-10-13,23.53966834604809
1995-10-16,22.807433919079937
1995-10-17,22.54998284587649
1995-10-18,22.098645462836387
1995-10-19,21.42000806476605
1995-10-20,21.123865476064896
1995-10-23,20.51510135301266
1995-10-24,20.001305673190124
1995-10-25,20.249908716512234
1995-10-26,19.88668901898927
1995-10-27,21.42384746843518
1995-10-30,20.76269362205883
1995-10-31,20.29192801932051
1995-11-01,19.992518771636817
1995-11-02,19.459834495026367
1995-11-03,20.691944772059227
1995-11-06,20.079056710248118
1995-11-07,19.70733572619521
1995-11-08,19.286123667585745
1995-11-09,18.774960232541194
1995-11-10,18.710422194851787
1995-11-13,18.330289193397405
1995-11-14,18.805919985814615
1995-11-15,18.361437170566052
1995-11-16,18.346273407423467
1995-11-17,17.90498614513091
1995-11-20,18.76794094620562
1995-11-21,19.44919441928147
1995-11-22,19.796862394877333
1995-11-23,20.963881356828928
1995-11-24,20.308986009907272
1995-11-27,19.72294579094921
1995-11-28,20.518936587596077
1995-11-29,19.916397457918396
1995-11-30,19.356548023804653
1995-12-01,19.435037906035898
1995-12-04,18.910646698764193
1995-12-05,18.935131299975893
1995-12-06,19.012866228903615
1995-12-07,18.48364002519377
1995-12-08,18.112799423516197
1995-12-11,18.846076545619137
1995-12-12,18.39076880347304
1995-12-13,18.77381193993945
1995-12-14,19.1592625149314
1995-12-15,19.327660566066164
1995-12-18,19.8526695773434
1995-12-19,19.788216204302056
1995-12-20,20.842437044377316
1995-12-21,20.184395355262026
1995-12-22,19.60171163073419
1995-12-27,19.123919943212304
1995-12-28,23.328365275132352
1995-12-29,22.528261292053347
1996-01-02,22.038057851782085
1996-01-03,22.56554695069192
1996-01-04,22.32068574293077
1996-01-05,21.571591830485655
1996-01-08,22.717898534027796
1996-01-09,22.332585765939015
1996-01-10,26.73845262288776
1996-01-11,29.636720345854844
1996-01-12,33.03025794394409
1996-01-15,32.494311622687086
1996-01-16,31.2019451665271
1996-01-17,30.503679007846834
1996-01-18,30.413382511303304
1996-01-19,31.537206446140047
1996-01-22,31.721099971133494
1996-01-23,30.383229509678035
1996-01-24,29.441072679133207
1996-01-25,28.280620458556676
1996-01-26,28.732094256021117
1996-01-29,28.92024918908518
1996-01-30,31.027699969487315
1996-01-31,30.946249993877224
1996-02-01,29.775648197138345
1996-02-02,28.84622307951887
1996-02-05,28.66586124893103
1996-02-06,27.739938281373348
1996-02-07,26.810049381825777
1996-02-08,25.900259528458736
1996-02-09,25.114875065465064
1996-02-12,24.655090027541533
1996-02-13,23.79683514156543
1996-02-14,33.41606572033623
1996-02-15,32.38106373102354
1996-02-16,31.13265741695069
1996-02-19,29.83038504969336
1996-02-20,28.60356710513162
1996-02-21,29.11875914044295
1996-02-22,30.319345413238906
1996-02-23,29.590580378100288
1996-02-26,30.439109209517845
1996-02-27,29.176322552844137
1996-02-28,28.219368483609248
1996-02-29,28.57948873450125
1996-03-01,27.668274577854678
1996-03-04,27.381344475306555
1996-03-05,26.616679360044042
1996-03-06,27.068786328849676
1996-03-07,28.115772608405788
1996-03-08,27.279668524944867
1996-03-11,26.63278294625554
1996-03-12,25.664047184028068
1996-03-13,26.30999346514758
1996-03-14,26.171433406365765
1996-03-15,25.586427231544207
1996-03-18,24.761236668065497
1996-03-19,37.341976614888736
1996-03-20,35.87590795547501
1996-03-21,34.303177498426415
1996-03-22,32.82824371677607
1996-03-25,36.36628375270301
1996-03-26,34.9086916049211
1996-03-27,34.40031798768769
1996-03-28,33.86597497625694
1996-03-29,40.997632064197994
1996-04-01,39.172495492464215
1996-04-02,38.93054253785838
1996-04-03,38.139906224247575
1996-04-04,36.90905752217793
1996-04-09,35.332683346979614
1996-04-10,36.189735000114084
1996-04-11,43.240389031519086
1996-04-12,48.76300138264656
1996-04-15,52.43379155290899
1996-04-16,49.96994272037221
1996-04-17,57.68947191259396
1996-04-18,63.08951145795503
1996-04-19,61.58059339415885
1996-04-22,58.8102812310485
1996-04-23,56.12878125366009
1996-04-24,64.20363152240557
1996-04-25,61.2135412701767
1996-04-26,58.97208752228652
1996-04-29,56.62178144247362
1996-04-30,53.920828675666144
1996-05-01,53.115754410546145
1996-05-02,52.47886131277969
1996-05-03,51.487300736942466
1996-05-07,49.095877333801496
1996-05-08,49.72765630144727
1996-05-09,47.736362745402865
1996-05-10,47.17509427856141
1996-05-13,45.08908928485619
1996-05-14,43.42055831288681
1996-05-15,41.57230083880542
1996-05-16,39.82250827718616
1996-05-17,43.97372793907665
1996-05-20,44.673838274105506
1996-05-21,45.16632743921359
1996-05-22,43.10668020161787
1996-05-23,44.67136638942443
1996-05-24,42.714845987353286
1996-05-28,41.028061735879376
1996-05-29,39.49258043879445
1996-05-30,40.46060643889765
1996-05-31,44.555866687098245
1996-06-03,42.499874498723656
1996-06-04,40.729904678055185
1996-06-05,39.39498887569782
1996-06-06,38.47009166522072
1996-06-07,36.755122095362076
1996-06-10,35.56880519197079
1996-06-11,34.06193715723429
1996-06-12,33.03489705984909
1996-06-13,31.65623757381401
1996-06-14,31.07832867052993
1996-06-17,30.07374963905341
1996-06-18,36.66934957112654
1996-06-19,35.12774511766338
1996-06-20,35.19889644749568
1996-06-21,33.665789599537334
1996-06-24,32.21663279643517
1996-06-25,30.91520708804562
1996-06-26,29.624434272069166
1996-06-27,28.93927254568547
1996-06-28,33.934453206222564
1996-07-01,32.578244039524705
1996-07-02,33.36329734789288
1996-07-03,33.04549457592522
1996-07-04,32.54392747845828
1996-07-05,34.840698709452006
1996-07-08,33.713027722252676
1996-07-09,33.53329601132763
1996-07-10,32.090122091486265
1996-07-11,30.98205737160855
1996-07-12,30.083041714419288
1996-07-15,28.918061062456896
1996-07-16,28.442546958301236
1996-07-17,27.384424761290955
1996-07-18,29.50588366780524
1996-07-19,28.675449333886192
1996-07-22,30.16853599068329
1996-07-23,29.467727492130873
1996-07-24,28.998336807742227
1996-07-25,28.058722348707803
1996-07-26,27.134067137266893
1996-07-29,29.91611911297885
1996-07-30,28.72693650608017
1996-07-31,27.67584064731892
1996-08-01,26.680112164414066
1996-08-02,25.992334827051472
1996-08-05,31.70903111691973
1996-08-06,30.372680082963598
1996-08-07,29.556560749134082
1996-08-08,28.350588307936114
1996-08-09,30.22722426881656
1996-08-12,28.977691591623824
1996-08-13,31.10439561933965
1996-08-14,31.00490173895873
1996-08-15,29.876640619245904
1996-08-16,28.65386263530186
1996-08-19,29.04561681503626
1996-08-20,28.518451934721178
1996-08-21,27.883975468061006
1996-08-22,29.637501561865353
1996-08-23,30.1536624954378
1996-08-27,30.901322481529565
1996-08-28,30.639178881994056
1996-08-29,29.81581424256935
1996-08-30,29.475016571090702
1996-09-02,28.276119184307174
1996-09-03,38.68471523090463
1996-09-04,37.677990296209984
1996-09-05,36.55285492583978
1996-09-06,34.96137593888859
1996-09-09,33.94138797447976
1996-09-10,32.72736466146214
1996-09-11,32.594204310913675
1996-09-12,33.706542117372564
1996-09-13,32.26419192596367
1996-09-16,32.341441603584045
1996-09-17,40.1865250293651
1996-09-18,43.124377122031206
1996-09-19,43.66151675651484
1996-09-20,42.18383361125494
1996-09-23,40.81957901202909
1996-09-24,39.75747595796475
1996-09-25,40.212581850233434
1996-09-26,38.77995170628961
1996-09-27,37.524916914569346
1996-09-30,37.099852330562676
1996-10-01,43.55497894247178
1996-10-02,46.05354426517529
1996-10-03,43.933171121816386
1996-10-04,43.10213669830612
1996-10-07,41.410377193571804
1996-10-08,40.28304733132506
1996-10-09,38.79859920843392
1996-10-10,37.06035940217439
1996-10-11,40.238717386122005
1996-10-14,38.65313941283211
1996-10-15,40.88980811661837
1996-10-16,39.19034527002039
1996-10-17,37.46949197945139
1996-10-18,36.340276645953175
1996-10-21,35.34416957531556
1996-10-22,33.86299983345701
1996-10-23,32.9314927253349
1996-10-24,35.14674187991045
1996-10-25,34.22921567399586
1996-10-28,32.89884508938046
1996-10-29,32.082348689599804
1996-10-30,38.55969360148507
1996-10-31,36.97942619071532
1996-11-01,36.12789026161128
1996-11-04,36.19503582196325
1996-11-05,34.89374551904621
1996-11-06,33.8477685603454
1996-11-07,32.38710580615473
1996-11-08,31.102201846470972
1996-11-11,32.89528249178336
1996-11-12,32.090984154938575
1996-11-13,31.518851083929967
1996-11-14,31.93464982330237
1996-11-15,31.17732619279994
1996-11-18,29.92913197427109
1996-11-19,30.818437273039358
1996-11-20,30.533192715951742
1996-11-21,29.753412644242644
1996-11-22,30.41980369545869
1996-11-25,35.07945893352223
1996-11-26,36.064228833470494
1996-11-27,35.727511165852135
1996-11-28,34.66072160855703
1996-11-29,33.19415186556512
1996-12-02,31.945376808727694
1996-12-03,31.29550602272951
1996-12-04,32.40568710921471
1996-12-05,31.068324838737855
1996-12-06,30.239962729973495
1996-12-09,29.012101755590813
1996-12-10,28.871510996408105
1996-12-11,29.12709017460849
1996-12-12,32.412201487853004
1996-12-13,31.707969624141075
1996-12-16,30.583254768011596
1996-12-17,37.49293544849804
1996-12-18,35.84569574777745
1996-12-19,35.066476332171426
1996-12-20,34.890006924538355
1996-12-23,33.68180374950763
1996-12-24,33.54155513294002
1996-12-27,32.22477580423403
1996-12-30,30.952455067944307
1996-12-31,30.689122254360495
1997-01-02,29.435288971371232
1997-01-03,30.197852646488794
1997-01-06,29.433666513881874
1997-01-07,30.2890557739069
1997-01-08,29.035115749239548
1997-01-09,27.855627247678054
1997-01-10,26.757570525973733
1997-01-13,28.430099033431922
1997-01-15,31.891704909628142
1997-01-16,30.62581637393656
1997-01-17,29.352039760742304
1997-01-20,29.659917640807176
1997-01-21,28.445411630493712
1997-01-22,27.398804566180544
1997-01-23,26.346416504477993
1997-01-24,25.330170987111917
1997-01-27,24.550717154942955
1997-01-28,24.226035191903588
1997-01-29,23.367046538637318
1997-01-30,23.917944902312772
1997-01-31,24.56473481179801
1997-02-03,23.88466873591359
1997-02-04,24.33308284949002
1997-02-05,24.11775972362934
1997-02-06,23.24985742420069
1997-02-10,28.800985005917074
1997-02-11,37.70524204437518
1997-02-12,37.87500671981196
1997-02-13,36.26940255243567
1997-02-14,38.12938545956814
1997-02-17,36.47641798116896
1997-02-18,34.92699075156623
1997-02-19,33.446234694592704
1997-02-20,33.389802565284924
1997-02-21,33.38295385931479
1997-02-24,33.6498126785516
1997-02-25,32.83543960528284
1997-02-26,31.804233671099723
1997-02-27,31.13518564022509
1997-02-28,30.000196746040743
1997-03-03,31.504622641849256
1997-03-04,31.395756315959943
1997-03-05,30.945175862393576
1997-03-06,29.6599993792022
1997-03-10,28.721916146535715
1997-03-11,28.87365598009344
1997-03-12,32.21683329907837
1997-03-13,32.51768956446908
1997-03-14,32.101526413324294
1997-03-17,30.914709387910328
1997-03-18,31.842657564859483
1997-03-19,33.45500651171315
1997-03-20,33.842645937720604
1997-03-21,33.71691362944741
1997-03-24,32.789147508999385
1997-03-25,33.501763080614325
1997-03-26,32.34276962888329
1997-03-27,31.151100992454815
1997-03-28,31.45450967181049
1997-03-31,30.132182159071196
1997-04-01,28.887504596010512
1997-04-02,29.510052850765227
1997-04-03,28.73536181674351
1997-04-04,33.470500683278374
1997-04-07,32.04734735725993
1997-04-08,32.11429364421338
1997-04-09,30.789730963195282
1997-04-10,29.520502998132976
1997-04-11,28.991982676924387
1997-04-14,28.888238481092408
1997-04-15,27.769985762475045
1997-04-16,26.77170571725594
1997-04-17,27.002045900788623
1997-04-18,26.851145133232475
1997-04-21,26.75861398902387
1997-04-22,28.798903958857952
1997-04-23,27.642630063013453
1997-04-24,27.527316782578627
1997-04-25,27.94632791069067
1997-04-28,27.736629747776213
1997-04-29,26.9624192627527
1997-04-30,27.454103261494968
1997-05-01,26.37903242517417
1997-05-02,25.364140468280898
1997-05-05,28.445661673560995
1997-05-06,27.303046385993806
1997-05-07,26.346808796554676
1997-05-08,25.3321440468402
1997-05-09,27.4150250013967
1997-05-12,27.40663605327123
1997-05-13,33.05070249592589
1997-05-14,31.6427059571533
1997-05-15,31.263884828855748
1997-05-16,30.824508094730213
1997-05-19,30.840981170404397
1997-05-20,29.752540260763404
1997-05-21,28.852566635898146
1997-05-22,27.7191679010019
1997-05-23,27.730397485184156
1997-05-27,26.762427694161893
1997-05-28,32.65518973864425
1997-05-29,33.30771184609518
1997-05-30,34.18394456651587
1997-06-02,34.181952245712786
1997-06-03,32.9872278458447
1997-06-04,34.92705199559578
1997-06-05,33.968343531243015
1997-06-06,34.234709956644224
1997-06-09,35.84231446648173
1997-06-10,35.67543349496247
1997-06-11,34.178725066183816
1997-06-12,33.996135748500514
1997-06-13,32.63595833911609
1997-06-16,31.258789439608897
1997-06-17,31.22497523174248
1997-06-18,31.82744596562789
1997-06-19,31.869400667834046
1997-06-20,30.683116200313137
1997-06-23,30.264283183725315
1997-06-24,34.86145107585481
1997-06-25,33.612471069089224
1997-06-26,32.16529606204522
1997-06-27,30.84018308479572
1997-06-30,31.391813161320016
1997-07-02,30.595617203869168
1997-07-03,33.21538769122459
1997-07-07,36.07077414173652
1997-07-09,34.56925639837118
1997-07-10,33.08136682678699
1997-07-11,31.767826794941538
1997-07-14,30.748600580792235
1997-07-15,30.03666071352489
1997-07-16,30.64187000723642
1997-07-17,29.42865303948335
1997-07-18,31.635237044478266
1997-07-21,34.385073525569396
1997-07-22,32.89481325280515
1997-07-23,32.06993732519558
1997-07-24,31.29159544262104
1997-07-25,30.014521161367064
1997-07-28,28.89569933829779
1997-07-29,27.727507634495225
1997-07-30,26.635368384580655
1997-07-31,26.51938420057563
1997-08-01,25.587797684516207
1997-08-04,26.41727083025001
1997-08-05,26.462669408497046
1997-08-06,25.66193086385853
1997-08-07,25.838473308730382
1997-08-08,25.815294779927626
1997-08-11,26.737429460833923
1997-08-12,27.336010305474435
1997-08-13,27.737852387870344
1997-08-14,26.684497216020407
1997-08-15,27.260153063330268
1997-08-18,26.87354342553629
1997-08-19,27.50997796659459
1997-08-20,28.977088229183035
1997-08-21,27.838987019354438
1997-08-25,30.62108237098699
1997-08-26,31.18527430492863
1997-08-27,30.94121553792764
1997-08-28,30.369558337671027
1997-08-29,29.175723596870373
1997-09-02,28.03739992886216
1997-09-03,27.614513859751728
1997-09-04,26.670811577176167
1997-09-05,26.220820363829127
1997-09-08,25.89813718442756
1997-09-09,25.13654990163819
1997-09-10,24.48848666330513
1997-09-11,23.758038824603883
1997-09-12,23.132484617813027
1997-09-15,22.70347009007659
1997-09-16,21.92277671464388
1997-09-17,23.02821184210556
1997-09-18,22.815435690681323
1997-09-19,22.11695030585442
1997-09-22,21.847637258246678
1997-09-23,22.716832395936336
1997-09-24,22.04612008108561
1997-09-25,21.355861505898275
1997-09-26,24.592706957746373
1997-09-29,24.859329054112923
1997-09-30,24.094956989058883
1997-10-01,25.90323672836489
1997-10-02,25.025329446486815
1997-10-03,24.573896619978164
1997-10-06,36.5654274568827
1997-10-07,35.886349117620135
1997-10-08,34.745805193496565
1997-10-09,33.274530860637206
1997-10-10,32.176274696135124
1997-10-13,30.940481594070267
1997-10-14,33.44281616068585
1997-10-15,36.10811744809882
1997-10-16,34.68729116509761
1997-10-17,33.90257898945324
1997-10-20,32.615059376119845
1997-10-21,31.438726300749977
1997-10-22,30.11674934827352
1997-10-23,31.883495199906132
1997-10-24,30.540170109863578
1997-10-27,31.242527875313268
1997-10-28,30.228682985108897
1997-10-29,34.86485450875419
1997-10-30,33.51382766746565
1997-10-31,33.91680654892312
1997-11-03,32.46504749644568
1997-11-04,31.10998444697655
1997-11-05,31.328027247607526
1997-11-06,30.345237154558806
1997-11-07,29.098868129131013
1997-11-10,28.681130833927433
1997-11-12,27.65358659761788
1997-11-13,26.704257933416066
1997-11-14,27.87784224019831
1997-11-17,29.556469428495603
1997-11-18,33.09129413497349
1997-11-19,31.911432940531647
1997-11-20,30.563357619168208
1997-11-21,32.90954797966766
1997-11-24,31.50227208848857
1997-11-25,30.49129254322111
1997-11-26,29.386170029609044
1997-11-27,32.662681533905754
1997-11-28,31.456352075262796
1997-12-01,31.16973074848749
1997-12-02,38.84996524774281
1997-12-03,37.11172292856163
1997-12-04,35.58069625962144
1997-12-05,34.66532429640345
1997-12-08,33.60456575471859
1997-12-09,32.18216889573055
1997-12-10,31.918727420568004
1997-12-11,33.522984235085595
1997-12-12,32.221256589287194
1997-12-15,31.08017043896873
1997-12-16,30.519348316838062
1997-12-17,29.380755163124316
1997-12-18,28.605964458352663
1997-12-19,29.171757573028913
1997-12-22,28.279560753471454
1997-12-23,27.54455549182177
1997-12-24,26.481934567488864
1997-12-29,25.50674866929052
1997-12-30,31.671862537614526
1997-12-31,32.02844596208004
1998-01-02,31.031392901305527
1998-01-05,29.87651466660469
1998-01-06,32.344991772077655
1998-01-07,31.495916149432997
1998-01-08,30.56009526457552
1998-01-09,29.5844828023937
1998-01-12,28.734747310219245
1998-01-13,28.823168133403836
1998-01-14,27.655962335944505
1998-01-15,27.997421661729476
1998-01-16,26.96470823269618
1998-01-19,26.27029983138073
1998-01-20,29.54963655585657
1998-01-21,31.517963049635288
1998-01-22,31.580063835212258
1998-01-23,32.110503272542495
1998-01-26,30.916601352121177
1998-01-27,34.311720047384036
1998-01-28,44.243852540917814
1998-01-29,42.32936171225739
1998-01-30,44.65806919409501
1998-02-02,47.47626965510444
1998-02-03,46.31649662743082
1998-02-04,46.10644807508272
1998-02-05,45.156070885835966
1998-02-06,43.921198523604176
1998-02-09,42.45871869147421
1998-02-10,41.5482449884898
1998-02-11,40.07017330334175
1998-02-12,39.18739744265313
1998-02-13,38.91644023703903
1998-02-16,37.16986927678991
1998-02-17,40.44768642184068
1998-02-18,38.61653177947021
1998-02-19,36.92175572231235
1998-02-20,40.24753748541055
1998-02-23,38.63163941076
1998-02-24,43.55987404612958
1998-02-25,42.10209751122569
1998-02-26,41.31200994958895
1998-02-27,39.44266432444082
1998-03-02,38.017559950159146
1998-03-03,36.79673144447836
1998-03-04,35.869652643160435
1998-03-05,34.46955275622321
1998-03-06,33.11754771498909
1998-03-09,34.02120702666815
1998-03-10,40.15892851359473
1998-03-11,38.60477061206715
1998-03-12,36.91640414115096
1998-03-13,35.56251109711857
1998-03-16,34.071391327271286
1998-03-17,38.55566354024535
1998-03-18,47.02891182512184
1998-03-19,65.45684179336139
1998-03-20,62.75421319621993
1998-03-23,59.78389609832831
1998-03-24,96.37873397678189
1998-03-25,93.24584516734407
1998-03-26,89.59165922256791
1998-03-27,88.7111306574641
1998-03-30,84.77108093285347
1998-03-31,82.78886463202224
1998-04-01,80.44061130742817
1998-04-02,76.69125280677422
1998-04-03,73.96228364670883
1998-04-06,70.89038155465487
1998-04-07,69.8350660140893
1998-04-08,67.45713121297318
1998-04-09,64.20199594418496
1998-04-14,63.170649388605284
1998-04-15,60.20550356242397
1998-04-16,57.58928407991042
1998-04-17,56.34721003051002
1998-04-20,55.20054939396789
1998-04-21,53.24931805695592
1998-04-22,50.90820663793741
1998-04-23,49.25204348767884
1998-04-24,48.09104322130819
1998-04-27,45.99932594736277
1998-04-28,45.358526351557735
1998-04-29,43.959917953363195
1998-04-30,42.51759968320571
1998-05-01,41.91300403336504
1998-05-05,48.3634595309173
1998-05-06,48.762472624769195
1998-05-07,47.115854615367724
1998-05-08,45.069335068931444
1998-05-11,43.199639135523206
1998-05-12,44.11010659637592
1998-05-13,43.48999918807223
1998-05-14,46.10924602374905
1998-05-15,44.2012904936733
1998-05-18,42.179732077581754
1998-05-19,42.20461746463519
1998-05-20,40.54619034052699
1998-05-21,39.891454403016304
1998-05-22,39.33849216979745
1998-05-26,37.58571453906375
1998-05-27,35.98072207503581
1998-05-28,38.215825238588295
1998-05-29,36.591450328315915
1998-06-01,41.801935089220336
1998-06-02,41.96428437113408
1998-06-03,40.081192388738536
1998-06-04,40.79444922253772
1998-06-05,42.45278360822367
1998-06-08,41.31879963207545
1998-06-09,41.78186172848089
1998-06-10,49.51963550173456
1998-06-11,51.47224109672115
1998-06-12,49.2524475795012
1998-06-15,51.18408453348701
1998-06-16,60.994411724338725
1998-06-17,58.06349998561783
1998-06-18,59.8213861245155
1998-06-19,59.83824576716842
1998-06-22,56.96819977898724
1998-06-23,56.16669127231009
1998-06-24,64.03234869316191
1998-06-25,62.95775944721855
1998-06-26,63.89612851812655
1998-06-29,60.93212492685216
1998-06-30,58.643113373850206
1998-07-01,55.835734614115665
1998-07-02,53.28700984076401
1998-07-03,50.76585975528912
1998-07-06,48.83139860154708
1998-07-07,46.70480692506858
1998-07-08,44.56990428121466
1998-07-09,42.553334025403025
1998-07-10,40.83382498691085
1998-07-13,38.98138044568788
1998-07-14,37.29965428724663
1998-07-15,37.26674207116111
1998-07-16,35.658296690281645
1998-07-17,47.851659330321375
1998-07-20,46.81939050412053
1998-07-21,45.92129692424727
1998-07-22,43.98903324999039
1998-07-23,42.66912456718479
1998-07-24,40.719792350845964
1998-07-27,39.55363076073635
1998-07-28,42.07720986594812
1998-07-29,40.90246197499857
1998-07-30,39.43031266344399
1998-07-31,37.713476276415136
1998-08-03,36.14652855081509
1998-08-04,41.58712814268233
1998-08-05,39.697193160029286
1998-08-06,39.53606428499246
1998-08-07,38.9634841176972
1998-08-10,37.23980987034899
1998-08-11,39.71080084202071
1998-08-12,42.67080116570827
1998-08-13,40.84520158712303
1998-08-14,40.23878016929924
1998-08-17,38.43247086522209
1998-08-18,41.37703781916046
1998-08-19,39.580498151414524
1998-08-20,38.07946860042129
1998-08-21,37.365328533587295
1998-08-24,36.52919144573203
1998-08-25,35.267208142586036
1998-08-26,35.392322944891156
1998-08-27,34.681979629947335
1998-08-28,35.892869871998826
1998-09-01,34.87319439008093
1998-09-02,33.401504381673824
1998-09-03,32.06946844197153
1998-09-04,36.073500199089274
1998-09-07,37.85345176958434
1998-09-08,40.023488222434175
1998-09-09,38.2195660618537
1998-09-10,36.511999549573694
1998-09-11,36.52690526466939
1998-09-14,35.46290102225589
1998-09-15,34.71769204868184
1998-09-16,33.605545004198895
1998-09-17,32.18549673737072
1998-09-18,32.997808857848746
1998-09-21,46.19655334189688
1998-09-22,45.9465031332777
1998-09-23,43.83969184206702
1998-09-24,43.01298818467178
1998-09-25,41.38560379757319
1998-09-28,40.66617931680081
1998-09-29,39.121913465790485
1998-09-30,37.382679762118
1998-10-01,37.28644481041544
1998-10-02,36.61079811675301
1998-10-05,36.024253578499405
1998-10-06,34.6617819735704
1998-10-07,33.43085770529376
1998-10-08,32.19955676091688
1998-10-09,38.58566762433835
1998-10-12,39.22638820329765
1998-10-13,39.107272761863655
1998-10-14,40.977230936847505
1998-10-15,43.15904103162316
1998-10-16,42.694323893259245
1998-10-19,41.04297801439691
1998-10-20,44.37217174710917
1998-10-21,44.332131905428554
1998-10-22,49.9878971683942
1998-10-23,48.83745136723107
1998-10-26,50.62999357567273
1998-10-27,52.76651059834132
1998-10-28,51.42751120380989
1998-10-29,49.64310894645575
1998-10-30,47.34518336135686
1998-11-02,46.817345709944064
1998-11-03,47.65775452679918
1998-11-04,49.59517209074294
1998-11-05,47.318675440661266
1998-11-06,45.54899059893264
1998-11-09,44.41783799557459
1998-11-10,45.092865622675596
1998-11-11,43.02124214919043
1998-11-12,42.5627600317488
1998-11-13,40.85178462966109
1998-11-16,39.240918598806246
1998-11-17,40.55596776867392
1998-11-18,44.23726640265133
1998-11-19,45.569798878074316
1998-11-20,44.395890222985194
1998-11-23,42.42151934362918
1998-11-24,40.95654358467809
1998-11-25,39.1305513731974
1998-11-26,37.524103900677005
1998-11-27,36.17196391749979
1998-11-30,38.148775736489796
1998-12-01,54.194224864692984
1998-12-02,51.66535412530535
1998-12-03,49.87783575444074
1998-12-04,50.2563623699654
1998-12-07,50.40509993666766
1998-12-08,48.06293436376311
1998-12-09,45.832355456946
1998-12-10,45.12399938046601
1998-12-11,46.964964094422754
1998-12-14,45.51682359236518
1998-12-15,44.44608024275415
1998-12-16,42.79854597624635
1998-12-17,73.32578362526337
1998-12-18,82.50237711803318
1998-12-21,79.86253015667073
1998-12-22,76.45378840539479
1998-12-23,75.08897374047876
1998-12-24,71.52016235336582
1998-12-29,68.04083502488352
1998-12-30,66.46806803293794
1998-12-31,64.03843246357094
1999-01-04,61.07387253145099
1999-01-05,60.76515379405115
1999-01-06,64.75649518195908
1999-01-07,63.86013297387399
1999-01-08,63.357763973157525
1999-01-11,65.63829528373587
1999-01-12,64.17993444267367
1999-01-13,62.222514405838744
1999-01-14,70.06499459402495
1999-01-15,67.20409807642443
1999-01-18,64.21509834692063
1999-01-19,61.54283058099354
1999-01-20,60.829159026353494
1999-01-21,59.816130559533676
1999-01-22,58.29354556350048
1999-01-25,55.62509579734278
1999-01-26,52.986804868665004
1999-01-27,53.041975849725674
1999-01-28,51.181752940812586
1999-01-29,48.982259077121476
1999-02-01,47.426374011557904
1999-02-02,50.79737678170119
1999-02-03,52.07423240294106
1999-02-04,52.60345267474257
1999-02-05,52.756635283668615
1999-02-08,51.53007877511948
1999-02-09,50.14527681800971
1999-02-10,48.805171393026384
1999-02-11,46.806611893104424
1999-02-12,44.73697433290395
1999-02-16,43.25371945778997
1999-02-17,41.26916356324064
1999-02-18,39.71648960547732
1999-02-19,38.73124963639129
1999-02-22,40.66700392029016
1999-02-23,38.905605581198856
1999-02-24,40.25235665703894
1999-02-25,38.51396382772633
1999-02-26,37.81313203544175
1999-03-01,38.01782774238862
1999-03-02,36.43829456980825
1999-03-03,35.22125347706585
1999-03-04,38.138808398657204
1999-03-05,40.124543551899166
1999-03-08,39.12990702407676
1999-03-09,42.3107569294388
1999-03-10,41.67431561324985
1999-03-11,40.710725744128055
1999-03-12,42.1299199207367
1999-03-15,43.761567821036216
1999-03-16,42.08213359802798
1999-03-17,40.24239940098144
1999-03-18,49.98582095379272
1999-03-19,49.76512786353333
1999-03-22,48.00700593822947
1999-03-23,46.418188994432924
1999-03-24,45.24731293672272
1999-03-25,44.24843767526438
1999-03-26,42.44240678302887
1999-03-29,43.62885239597018
1999-03-30,43.41494432489343
1999-03-31,41.736898188322286
1999-04-01,43.19584016194018
1999-04-06,43.461476077914895
1999-04-07,41.53980604836847
1999-04-08,41.80146194316503
1999-04-09,42.50230948940422
1999-04-12,42.66750876137332
1999-04-13,40.89734298011832
1999-04-14,41.730727973036366
1999-04-15,40.578922165604794
1999-04-16,40.53642934384545
1999-04-19,42.01109979982397
1999-04-20,44.94486901670808
1999-04-21,42.87311267074515
1999-04-22,40.99034900614772
1999-04-23,40.294725297135905
1999-04-26,39.05322396401231
1999-04-27,39.66992889995905
1999-04-28,38.78484274281249
1999-04-29,39.521958119904525
1999-04-30,37.97215107853012
1999-05-04,36.365324728552906
1999-05-05,37.86600322267168
1999-05-06,36.38510122382708
1999-05-07,36.794639712742864
1999-05-10,42.30009920995142
1999-05-11,40.399992048580536
1999-05-12,41.52512349693644
1999-05-13,42.69674871912537
1999-05-14,43.36765961963322
1999-05-17,41.39160192133791
1999-05-18,40.04807758510307
1999-05-19,42.3211361923322
1999-05-20,40.38996949755416
1999-05-21,38.5643955755185
1999-05-24,36.86620771467932
1999-05-25,36.8906049746986
1999-05-26,35.49337170426386
1999-05-27,37.06200525914674
1999-05-28,35.72099176661616
1999-06-01,35.45849282218726
1999-06-02,38.26865130012512
1999-06-03,36.603416735322604
1999-06-04,34.996547105847625
1999-06-07,45.445102520747795
1999-06-08,49.298669274006926
1999-06-09,47.63659867800455
1999-06-10,45.45627293092724
1999-06-11,43.78586149912243
1999-06-14,42.446888327254946
1999-06-15,40.96715386961648
1999-06-16,39.937360876279485
1999-06-17,38.158501575451595
1999-06-18,37.5031212069958
1999-06-21,35.90857469674795
1999-06-22,35.49173472533369
1999-06-23,34.87081106896427
1999-06-24,33.556899553080434
1999-06-25,32.85162371348439
1999-06-28,31.451417232388774
1999-06-29,30.129270228452864
1999-06-30,29.043496855588945
1999-07-01,32.52515624109973
1999-07-02,32.067359353941065
1999-07-06,31.753076393181995
1999-07-07,38.93696830146472
1999-07-08,37.31452555490089
1999-07-09,36.93521831699344
1999-07-12,35.51207128865993
1999-07-13,33.96599445591198
1999-07-14,35.2045660124546
1999-07-15,33.66887305554974
1999-07-16,35.40948557023735
1999-07-19,36.206795647573195
1999-07-20,35.49915989069164
1999-07-21,35.53186862997491
1999-07-22,38.515551338732934
1999-07-23,38.06076701046991
1999-07-26,39.99820238030074
1999-07-27,38.19934954522041
1999-07-28,37.12103202233253
1999-07-29,35.75451461118488
1999-07-30,35.00963570506059
1999-08-02,33.482697179688735
1999-08-03,37.15240235361534
1999-08-04,35.59511049221288
1999-08-05,34.05900292618676
1999-08-06,33.17001742191869
1999-08-09,31.749046928090163
1999-08-10,31.460195790084295
1999-08-11,36.28023422809413
1999-08-12,35.885757800950316
1999-08-13,34.88077404929238
1999-08-16,34.00788767302631
1999-08-17,32.56901961849777
1999-08-18,31.23440058351894
1999-08-19,29.97057956119715
1999-08-20,29.18548405802618
1999-08-23,28.301257682845655
1999-08-24,27.40443391649184
1999-08-25,28.64773962237046
1999-08-26,33.17782232039143
1999-08-27,31.81743656098327
1999-08-31,32.83994893031605
1999-09-01,35.9399062552261
1999-09-02,34.36071732428178
1999-09-03,34.4465587047429
1999-09-06,32.99290641594566
1999-09-07,32.82972584275764
1999-09-08,33.84690205858801
1999-09-09,32.81625904758756
1999-09-10,33.51247100502789
1999-09-13,32.25021640834514
1999-09-14,33.47682463826217
1999-09-15,32.28103289417466
1999-09-16,30.93540503127547
1999-09-17,29.9290384672561
1999-09-20,28.842402982007197
1999-09-21,27.736860181266838
1999-09-22,26.901049120841897
1999-09-23,26.193529813313393
1999-09-24,31.571140703065293
1999-09-27,30.636056229956942
1999-09-28,29.394941256968742
1999-09-29,29.191016438502594
1999-09-30,28.3337062518793
1999-10-01,29.013672671931513
1999-10-04,27.83546304834157
1999-10-05,27.492283820735754
1999-10-06,29.87579679697655
1999-10-07,29.975989727526343
1999-10-08,32.8115952837648
1999-10-11,46.80417938918608
1999-10-12,44.64193169109707
1999-10-13,48.579202779123435
1999-10-14,46.965650956252496
1999-10-15,44.77947618858879
1999-10-18,44.931841608717264
1999-10-19,44.82246952673104
1999-10-20,45.25791925773795
1999-10-21,45.08634661197706
1999-10-22,45.4234369918885
1999-10-25,45.85933858803163
1999-10-26,43.751717101257405
1999-10-27,42.29945200181037
1999-10-28,40.37164682691909
1999-10-29,44.09441232206847
1999-11-01,42.14875194475026
1999-11-02,40.4806285545847
1999-11-03,41.25314746123455
1999-11-04,40.2750411216221
1999-11-05,38.82287600972595
1999-11-08,37.217689103464956
1999-11-09,39.31429094382165
1999-11-10,40.881599744575055
1999-11-11,43.259416871556844
1999-11-12,42.23335077445418
1999-11-15,41.089746121077454
1999-11-16,40.453056997401994
1999-11-17,43.501791367949686
1999-11-18,41.53877062056569
1999-11-19,39.65123145797402
1999-11-22,37.92188616689452
1999-11-23,38.61189355753197
1999-11-24,37.089425230779675
1999-11-25,35.493229037064836
1999-11-26,34.06716918323801
1999-11-29,32.64643395571919
1999-11-30,31.454691384673588
1999-12-01,31.46344280944968
1999-12-02,35.96065910509708
1999-12-03,42.673712647571946
1999-12-06,42.41472917859434
1999-12-07,40.794121296445724
1999-12-08,39.52644531690438
1999-12-09,39.69614774894376
1999-12-10,38.600032956044764
1999-12-13,41.443572623500415
1999-12-14,41.03784614257439
1999-12-15,40.66807742799193
1999-12-16,41.616373760819044
1999-12-17,40.404591161175226
1999-12-20,38.63747860340774
1999-12-21,37.192191288173234
1999-12-22,36.651150062497166
1999-12-23,36.196816660363396
1999-12-29,34.6210939517031
1999-12-30,34.48973810602241
2000-01-04,35.63783129233194
2000-01-05,39.22467899168228
2000-01-06,37.76976384133739
2000-01-07,36.27025390177588
2000-01-10,34.935132390674404
2000-01-11,35.589519240651995
2000-01-12,41.43457495618236
2000-01-13,41.77028431043212
2000-01-14,40.20757785920152
2000-01-17,39.9972793392962
2000-01-18,39.22200414043154
2000-01-19,37.885791722922235
2000-01-20,36.30084699076324
2000-01-21,34.730721239197614
2000-01-24,37.01281997282923
2000-01-25,35.50137963172713
2000-01-26,34.14661957903285
2000-01-27,32.69223423135298
2000-01-28,31.69148021308556
2000-01-31,30.928789914135358
2000-02-01,30.849434092889993
2000-02-02,29.9123070857834
2000-02-03,28.919438080318972
2000-02-04,28.79250210414856
2000-02-07,27.7210558096968
2000-02-08,27.730536750680677
2000-02-09,27.27300041740405
2000-02-10,26.388553836183377
2000-02-11,25.472622944635198
2000-02-14,25.94379452152374
2000-02-15,25.18415939308622
2000-02-16,24.276776670888545
2000-02-17,23.392389596626206
2000-02-18,24.686694128090323
2000-02-21,24.313275577291435
2000-02-22,24.188765826776564
2000-02-23,23.825783591689188
2000-02-24,25.906629176574597
2000-02-25,25.36801150147093
2000-02-28,24.963052941856358
2000-02-29,24.17867580185478
2000-03-01,23.81977286686385
2000-03-02,26.082590473973006
2000-03-03,25.625833790724613
2000-03-06,25.123005408097775
2000-03-07,24.480470740872033
2000-03-08,36.939924909005384
2000-03-09,36.21385724651216
2000-03-10,50.42788279194181
2000-03-13,48.12060526016174
2000-03-14,46.08411788664644
2000-03-15,44.51965424527998
2000-03-16,44.61775595675866
2000-03-17,42.57548216033017
2000-03-20,40.67191102425885
2000-03-21,56.562983933391955
2000-03-22,55.34781128453336
2000-03-23,55.00262289149309
2000-03-24,53.0950929977664
2000-03-27,51.16283826629125
2000-03-28,50.004301802279905
2000-03-29,48.181275548078496
2000-03-30,50.312654958808864
2000-03-31,48.054567424502245
2000-04-03,45.81318237607344
2000-04-04,45.425192521749935
2000-04-05,51.2855657157642
2000-04-06,49.234489433167866
2000-04-07,46.96285989384431
2000-04-10,45.160935310740555
2000-04-11,55.014031740143075
2000-04-12,52.40501466029619
2000-04-13,50.5198052386587
2000-04-14,55.21424390256608
2000-04-17,53.79475269305285
2000-04-18,51.26002872209903
2000-04-19,49.82740544761712
2000-04-20,50.456313934573906
2000-04-25,48.09804146004419
2000-04-26,46.06923626617211
2000-04-27,44.9960479921883
2000-04-28,43.046599653249075
2000-05-02,43.5724657777108
2000-05-03,45.45719985540388
2000-05-04,43.996318650027995
2000-05-05,41.99823160133684
2000-05-08,40.171369777377954
2000-05-09,43.49760147178788
2000-05-10,43.148323004485825
2000-05-11,41.21677546408909
2000-05-12,40.86196276186465
2000-05-15,41.121492243235075
2000-05-16,39.51932945668619
2000-05-17,38.69589590569582
2000-05-18,37.54044637283712
2000-05-19,36.79064448037836
2000-05-22,35.20024201438095
2000-05-23,34.9884745968048
2000-05-24,33.959333720335145
2000-05-25,35.41538600511657
2000-05-26,35.44038715520753
2000-05-30,34.67799318832943
2000-05-31,33.34236034025188
2000-06-01,32.18821676823151
2000-06-02,30.828724703967975
2000-06-05,30.090655235309633
2000-06-06,34.09642757858013
2000-06-07,32.7051283106246
2000-06-08,31.366228612499363
2000-06-09,34.415352239388824
2000-06-12,33.42594700832228
2000-06-13,36.54162960821651
2000-06-14,35.22438283035362
2000-06-15,34.001642142473564
2000-06-16,33.0445325642832
2000-06-19,36.434647346152154
2000-06-20,38.77304607526819
2000-06-21,41.927588361614
2000-06-22,49.77747769423132
2000-06-23,47.47224192053034
2000-06-26,45.67928877991913
2000-06-27,43.610286159840996
2000-06-28,42.17603531897538
2000-06-29,41.56960229871494
2000-06-30,39.714163753910796
2000-07-03,38.74221664638992
2000-07-04,37.9435069526401
2000-07-05,42.332147470291964
2000-07-06,40.86416170981643
2000-07-07,39.30834562841501
2000-07-10,37.55241159573075
2000-07-11,35.89097399304757
2000-07-12,36.3857684399596
2000-07-13,35.444682186636975
2000-07-14,36.50145423845119
2000-07-17,35.290158085360815
2000-07-18,51.37844257195876
2000-07-19,48.95536517220555
2000-07-20,46.72274051636365
2000-07-21,45.33217504920907
2000-07-24,47.96800217863314
2000-07-25,45.80538595074475
2000-07-26,47.8445632172408
2000-07-27,45.67376612911128
2000-07-28,43.989029927847774
2000-07-31,42.46455029454652
2000-08-01,42.41972806330663
2000-08-02,40.501659221729746
2000-08-03,48.07803729994384
2000-08-04,46.01286015606767
2000-08-07,46.95217322098883
2000-08-08,45.46861848333589
2000-08-09,43.36296541730532
2000-08-10,42.39894221263053
2000-08-11,42.84176184259145
2000-08-14,41.536018765123025
2000-08-15,39.79544149611291
2000-08-16,39.88410722116228
2000-08-17,38.50197193540235
2000-08-18,40.306992206715634
2000-08-21,38.487591893495654
2000-08-22,37.7952993866173
2000-08-23,40.4758380256269
2000-08-24,51.17827207544702
2000-08-25,49.95327782070472
2000-08-28,53.00323103294312
2000-08-29,50.494051778021664
2000-08-30,49.218877766528294
2000-08-31,46.92669767284492
2000-09-01,46.58537558764663
2000-09-04,44.419117825263186
2000-09-05,44.13422648251614
2000-09-06,42.3101871687043
2000-09-07,42.35314159085697
2000-09-08,41.46259432525674
2000-09-11,42.42734452173421
2000-09-12,41.20822102972742
2000-09-13,62.867022072162094
2000-09-14,68.4726208438449
2000-09-15,65.27112945572784
2000-09-18,70.90534060543153
2000-09-19,68.5235115157013
2000-09-20,66.96663240259436
2000-09-21,63.77334971110944
2000-09-22,64.5278826085835
2000-09-25,62.07789145380591
2000-09-26,64.08482669672743
2000-09-27,61.00606796675889
2000-09-28,58.13994069724566
2000-09-29,57.20458130109613
2000-10-02,55.115303524243586
2000-10-03,56.220511033536894
2000-10-04,55.75566862264657
2000-10-05,53.89127327263472
2000-10-06,53.326639266339896
2000-10-09,51.25557836694773
2000-10-10,49.17744836496201
2000-10-11,49.18907047125056
2000-10-12,47.091937121991855
2000-10-13,55.390406004028684
2000-10-16,52.75674118439804
2000-10-17,54.75109033960048
2000-10-18,58.076363472003386
2000-10-19,56.05638422609795
2000-10-20,53.58123081923113
2000-10-23,54.06738583587869
2000-10-24,53.0375579912006
2000-10-25,52.046362532198486
2000-10-26,50.57435694958661
2000-10-27,48.40858716803698
2000-10-30,46.228470598749674
2000-10-31,44.22622338279522
2000-11-01,44.748042275475804
2000-11-02,48.314187793786616
2000-11-03,47.75805210373304
2000-11-06,45.52899391189707
2000-11-07,43.50713596660235
2000-11-08,42.44065281957406
2000-11-09,40.76184396644774
2000-11-10,39.58384057428489
2000-11-13,38.41489766485026
2000-11-14,36.84959510706325
2000-11-15,36.08369734550279
2000-11-16,36.16248280232598
2000-11-17,34.87503666830301
2000-11-20,36.76296126170254
2000-11-21,38.6298179433631
2000-11-22,39.11315591089624
2000-11-23,37.50706334078322
2000-11-24,35.91952768047968
2000-11-27,34.3470358234035
2000-11-28,32.8928311490274
2000-11-29,34.05438906815797
2000-11-30,32.659501486895536
2000-12-01,31.282190223972627
2000-12-04,33.18799484547976
2000-12-05,37.056874122343956
2000-12-06,42.961951122262
2000-12-07,47.60373181031655
2000-12-08,45.831085623395914
2000-12-11,47.16595717139626
2000-12-12,45.57759220125118
2000-12-13,44.294694291487914
2000-12-14,42.25384387671977
2000-12-15,62.295053918152746
2000-12-18,59.33530206119658
2000-12-19,57.91841448821704
2000-12-20,57.08415608481322
2000-12-21,58.54403787181912
2000-12-22,58.85272560028514
2000-12-27,56.16586015554746
2000-12-28,53.984409895540544
2000-12-29,51.8185413561237
2001-01-02,49.73585695972972
2001-01-03,50.53829001964694
2001-01-04,48.159829310362056
2001-01-05,51.077423741115545
2001-01-08,48.81025255200752
2001-01-09,46.52789808157505
2001-01-10,46.05480208884747
2001-01-11,46.88352231307576
2001-01-12,46.173211378287185
2001-01-15,44.03071332477789
2001-01-16,42.62129875943717
2001-01-17,41.80740586407252
2001-01-18,46.708747410529796
2001-01-19,45.43734292304977
2001-01-22,52.11586160948601
2001-01-23,55.45399693172776
2001-01-24,54.147658338563296
2001-01-25,51.57744331136944
2001-01-26,49.18304242617405
2001-01-29,46.90382125238055
2001-01-30,44.756263136813075
2001-01-31,44.22101798557192
2001-02-01,42.44401989078506
2001-02-02,41.756721295307756
2001-02-05,49.53254354501242
2001-02-06,47.53656040702836
2001-02-07,45.396976167582096
2001-02-08,43.857912010586446
2001-02-09,45.534767823252324
2001-02-12,47.208814706897456
2001-02-13,45.15397758564696
2001-02-14,48.49108847595977
2001-02-15,46.26907615262327
2001-02-16,52.148765058628875
2001-02-19,49.92356339425646
2001-02-20,48.19266562157922
2001-02-21,47.22735291276582
2001-02-22,45.50509715616696
2001-02-23,43.90663280348458
2001-02-26,42.410039010028854
2001-02-27,40.82436597276223
2001-02-28,40.414842459200635
2001-03-01,38.664355730463676
2001-03-02,37.762878237827266
2001-03-05,37.38115117023271
2001-03-06,37.980442941339106
2001-03-07,37.04226787824055
2001-03-08,35.86675899299336
2001-03-09,35.26857584797531
2001-03-12,35.48948646584897
2001-03-13,34.971131534004286
2001-03-14,35.06287916819256
2001-03-15,34.92533621702588
2001-03-16,38.48193775822668
2001-03-19,37.93149554792392
2001-03-20,38.65586499305657
2001-03-21,37.96276552572725
2001-03-22,37.320242440017516
2001-03-23,35.976159302178374
2001-03-26,35.74259745818603
2001-03-27,34.19487152774203
2001-03-28,33.614999089196345
2001-03-29,32.20547508954181
2001-03-30,34.164175803924145
2001-04-02,33.17348841896586
2001-04-03,32.01293761417431
2001-04-04,30.812572377326752
2001-04-05,34.30410410483214
2001-04-06,34.28963112756443
2001-04-09,36.88845742492599
2001-04-10,35.894323593600795
2001-04-11,41.97587757250688
2001-04-12,40.84490080021019
2001-04-13,43.18424563432045
2001-04-16,41.62087482132984
2001-04-17,39.72514377775895
2001-04-18,38.06774983480975
2001-04-19,39.76960712519338
2001-04-20,38.27860882042646
2001-04-23,36.99396473326173
2001-04-24,35.48280821167651
2001-04-25,34.486623733034556
2001-04-26,33.40361266101108
2001-04-27,38.93790201822352
2001-04-30,37.26176789310545
2001-05-01,36.14209413134788
2001-05-02,34.58597523659993
2001-05-03,34.25298682003481
2001-05-04,34.60327952578032
2001-05-07,33.163681614193585
2001-05-08,31.797819961388683
2001-05-09,30.81772211075573
2001-05-10,29.532041983618445
2001-05-11,31.48368028853478
2001-05-14,30.623032981088055
2001-05-15,29.57309447666822
2001-05-16,28.41195446409866
2001-05-17,27.743868340043136
2001-05-18,27.35991419501824
2001-05-21,28.85282569997727
2001-05-22,28.794925580033947
2001-05-23,27.668891963393822
2001-05-24,26.813022916987638
2001-05-25,28.0338440625465
2001-05-29,27.065461630285416
2001-05-30,26.872962483720066
2001-05-31,26.037964045578395
2001-06-01,25.837509880463173
2001-06-04,25.347400712975993
2001-06-05,24.427156135085998
2001-06-06,24.005292751816633
2001-06-07,24.751544449069996
2001-06-08,24.04910835359421
2001-06-11,23.778920757145176
2001-06-12,25.483356879184576
2001-06-13,26.131136867785592
2001-06-14,25.169610091841154
2001-06-15,26.47587450706369
2001-06-18,26.25825860577334
2001-06-19,26.851287313410914
2001-06-20,30.696883879635077
2001-06-21,30.531607938830224
2001-06-22,30.374375591450637
2001-06-25,29.23714036415086
2001-06-26,29.349524666306863
2001-06-27,28.59773844646024
2001-06-28,37.31901851731631
2001-06-29,37.23866014479375
2001-07-02,36.85890892649816
2001-07-03,36.37312871030255
2001-07-04,34.931745306926906
2001-07-05,34.22694901019282
2001-07-06,33.18516395979583
2001-07-09,35.386353379234144
2001-07-10,38.26072592278593
2001-07-11,40.466314236517384
2001-07-12,38.96554157460928
2001-07-13,40.735064487352055
2001-07-16,39.674222288347075
2001-07-17,38.953852284569365
2001-07-18,37.72987236748113
2001-07-19,39.65558602168912
2001-07-20,38.19243575668762
2001-07-23,36.51455496761924
2001-07-24,40.25088760472514
2001-07-25,38.46213463143539
2001-07-26,38.11045035741557
2001-07-27,36.41302023073623
2001-07-30,34.89631762963319
2001-07-31,34.14335143733101
2001-08-01,32.75001219432458
2001-08-02,31.45647317110641
2001-08-03,38.59925463717728
2001-08-06,36.9175182093748
2001-08-07,35.52484993628223
2001-08-08,35.43384795805938
2001-08-09,34.46934170742802
2001-08-10,33.590671672113686
2001-08-13,33.435009321399214
2001-08-14,32.04064972255733
2001-08-15,30.8664119094957
2001-08-16,29.64970571129179
2001-08-17,29.623914361622838
2001-08-20,30.05597716329717
2001-08-21,29.572585631558223
2001-08-22,34.304607659419176
2001-08-23,33.43186810890199
2001-08-24,32.0143252186117
2001-08-27,32.98583369732262
2001-08-28,31.65075695222244
2001-08-29,30.602762976070576
2001-08-30,29.5496032910384
2001-08-31,28.34089942637969
2001-09-03,27.24935917462427
2001-09-04,26.694523770747786
2001-09-05,26.089644470298516
2001-09-06,25.089287262808536
2001-09-07,24.878674667952023
2001-09-10,28.96405858696143
2001-09-11,27.796377649895092
2001-09-12,37.04835189774903
2001-09-13,38.41786634593461
2001-09-14,36.70912611571469
2001-09-17,38.92163420622986
2001-09-18,40.16168864553081
2001-09-19,40.68262874026109
2001-09-20,54.50237021526674
2001-09-21,51.9619038672587
2001-09-24,50.11139951960316
2001-09-25,106.86307375076294
2001-09-26,102.272245220196
2001-09-27,98.01439163562935
2001-09-28,94.89969560915544
2001-10-01,90.63229340148128
2001-10-02,87.40763187899915
2001-10-03,83.12078862546323
2001-10-04,80.50935756596019
2001-10-05,76.88120851553167
2001-10-08,74.03435615117672
2001-10-09,71.55110913935593
2001-10-10,68.35121439789542
2001-10-11,65.56669127708484
2001-10-12,62.90112084011602
2001-10-15,62.72805134045115
2001-10-16,59.92477948635801
2001-10-17,57.09973672296046
2001-10-18,59.52232647920326
2001-10-19,57.05622814356525
2001-10-22,56.92165691383649
2001-10-23,55.308957369089896
2001-10-24,52.83050379470586
2001-10-25,50.543974663830284
2001-10-26,48.64552704514024
2001-10-29,47.162976625833274
2001-10-30,45.29356495828271
2001-10-31,43.33645016391654
2001-11-01,45.45444651654281
2001-11-02,43.77551498466435
2001-11-05,46.03578052624974
2001-11-06,44.05089565550647
2001-11-07,42.19180310673556
2001-11-08,40.629387444135155
2001-11-09,42.26806859944268
2001-11-12,49.062932372871586
2001-11-13,55.44767537888894
2001-11-14,57.83527558731559
2001-11-15,68.97049852161102
2001-11-16,90.26911349691773
2001-11-19,86.38950741735285
2001-11-20,82.64528570951516
2001-11-21,99.76810520822293
2001-11-22,95.36059053802012
2001-11-23,95.58155697198505
2001-11-26,91.08512365606155
2001-11-27,88.6254777450923
2001-11-28,84.94555103533303
2001-11-29,81.10100357925351
2001-11-30,77.45536869068405
2001-12-03,74.2837941258987
2001-12-04,75.44339966778337
2001-12-05,73.93047236515757
2001-12-06,70.3274705993784
2001-12-07,69.27340995537435
2001-12-10,68.94706615272099
2001-12-11,65.84771673969128
2001-12-12,63.709160104923946
2001-12-13,62.17862122258372
2001-12-14,59.86640224330875
2001-12-17,60.18747251553226
2001-12-18,57.30472063269444
2001-12-19,54.604189588705
2001-12-20,53.63285926096398
2001-12-21,51.26560007774971
2001-12-24,48.99323091797065
2001-12-27,46.75144528143338
2001-12-28,44.90587962365191
2001-12-31,48.22103539401124
2002-01-02,47.14912234982838
2002-01-03,48.71060030394925
2002-01-04,47.0872745750439
2002-01-07,47.869433281248185
2002-01-08,45.72705507566505
2002-01-09,43.627492009574595
2002-01-10,45.866072750698095
2002-01-11,45.410745742867704
2002-01-14,44.17852055907175
2002-01-15,51.43937735198556
2002-01-16,49.02215972250219
2002-01-17,47.668383880478245
2002-01-18,46.148663728754244
2002-01-21,44.01696785811368
2002-01-22,42.15694518945417
2002-01-23,41.3733900155211
2002-01-24,39.76423685852879
2002-01-25,37.97166028226596
2002-01-28,36.40900212349272
2002-01-29,38.787179533809265
2002-01-30,38.942724040047274
2002-01-31,39.773735214673984
2002-02-01,39.0191426086304
2002-02-04,40.32170986881613
2002-02-05,40.71376696351165
2002-02-06,39.84965780251447
2002-02-07,38.080248506036426
2002-02-08,38.83502054469762
2002-02-11,39.70420209898049
2002-02-12,37.94258547176646
2002-02-13,52.608057993683175
2002-02-14,50.715064195395165
2002-02-15,49.38226112179522
2002-02-18,47.33268916917066
2002-02-19,47.62144514507316
2002-02-20,45.416113690745156
2002-02-21,46.94773555173855
2002-02-22,48.41075540177241
2002-02-25,46.18358794388421
2002-02-26,44.918375893149516
2002-02-27,43.02043929362117
2002-02-28,44.90250062040611
2002-03-01,42.82769079534426
2002-03-04,47.70149863840534
2002-03-05,45.80597466719219
2002-03-06,45.947256565610786
2002-03-07,43.93366312826347
2002-03-08,46.79594161433573
2002-03-11,47.63036237862489
2002-03-12,48.52512813901482
2002-03-13,47.20026057924717
2002-03-14,48.63849130624855
2002-03-15,46.46177350983079
2002-03-18,44.37981995934253
2002-03-19,42.39031503392015
2002-03-20,42.77545355916964
2002-03-21,41.128638351957385
2002-03-22,40.65582782876046
2002-03-25,40.380745100758006
2002-03-26,38.592105019964784
2002-03-27,36.99416762616731
2002-03-28,36.75003571541874
2002-03-29,35.3289680815072
2002-04-01,33.783904180315375
2002-04-02,34.93454838911879
2002-04-03,37.16211378902916
2002-04-04,35.817634832971166
2002-04-05,34.50997305662092
2002-04-08,44.03890783528711
2002-04-09,45.62194145202261
2002-04-10,46.52409009253521
2002-04-11,44.883459485606416
2002-04-12,46.394947483635455
2002-04-15,48.467106075253305
2002-04-16,46.27755856388649
2002-04-17,45.93413933134523
2002-04-18,49.827454284496376
2002-04-19,48.93298950336282
2002-04-22,46.64979382629765
2002-04-23,44.51090563996162
2002-04-24,42.78863918870311
2002-04-25,40.848870434252746
2002-04-26,39.28024009115255
2002-04-29,37.62659371340122
2002-04-30,37.15240143627283
2002-05-01,35.5674243667668
2002-05-02,34.48872276681175
2002-05-03,37.300114311843515
2002-05-07,35.66069453605131
2002-05-08,34.496510308301055
2002-05-09,34.54281036010386
2002-05-10,33.042437489920815
2002-05-13,34.70716559882799
2002-05-14,34.92023467661892
2002-05-15,36.42281755195266
2002-05-16,34.822240886264275
2002-05-17,42.677812800612415
2002-05-20,41.03793858386055
2002-05-21,40.31114060591855
2002-05-22,42.76495306963463
2002-05-23,42.896797706989204
2002-05-24,41.41985946815233
2002-05-27,39.87702228812211
2002-05-28,38.41204170542266
2002-05-29,43.56292606357239
2002-05-30,42.88931539842265
2002-05-31,41.99073291372153
2002-06-05,40.174056771295696
2002-06-06,40.851782566226454
2002-06-07,39.92177729073474
2002-06-10,38.328217204691505
2002-06-11,36.78512794472279
2002-06-12,36.539989702416676
2002-06-13,38.01134272815959
2002-06-14,38.47756373259503
2002-06-17,37.07181307059175
2002-06-18,38.09449180541404
2002-06-19,36.41205529403075
2002-06-20,35.02052942806792
2002-06-21,34.570442687413994
2002-06-24,33.55982915930527
2002-06-25,36.06251225293597
2002-06-26,35.01073364063676
2002-06-27,35.279705878033425
2002-06-28,35.82494084436853
2002-07-01,34.27699727749737
2002-07-02,33.30511820583598
2002-07-03,31.877280117974827
2002-07-04,30.550602123574322
2002-07-05,29.329646889289567
2002-07-08,28.458352293201344
2002-07-09,30.179840945054124
2002-07-10,29.160821631133622
2002-07-11,32.84274446270337
2002-07-12,31.439262512396475
2002-07-15,30.525835481720616
2002-07-16,29.266263419281817
2002-07-17,28.391339618474742
2002-07-18,27.603849382367585
2002-07-19,28.132507226468316
2002-07-22,27.781907399814394
2002-07-23,29.47648573753545
2002-07-24,28.292494353284397
2002-07-25,27.499140355011935
2002-07-26,26.454983266849126
2002-07-29,25.94481235438272
2002-07-30,25.011470792321404
2002-07-31,27.788669157547925
2002-08-01,27.32102087013835
2002-08-02,27.817074990127406
2002-08-05,29.226988050170583
2002-08-06,28.037921768883844
2002-08-07,28.396233294419066
2002-08-08,27.25437105383938
2002-08-09,26.449242869283502
2002-08-12,25.432295145705524
2002-08-13,24.59283779502541
2002-08-14,25.23499225371781
2002-08-15,25.109831460732913
2002-08-16,24.385695531936943
2002-08-19,26.249148638265897
2002-08-20,25.297616931716853
2002-08-21,24.54450794747714
2002-08-22,23.71912254429038
2002-08-23,23.33765873785192
2002-08-26,23.14843739455937
2002-08-27,22.34413709954452
2002-08-28,22.275968643485605
2002-08-29,22.408134822448154
2002-08-30,22.9850312976846
2002-09-02,23.48054756541291
2002-09-03,22.742684127765052
2002-09-04,26.956683983397145
2002-09-05,28.893192749952863
2002-09-06,27.98472438561999
2002-09-09,30.240930937168436
2002-09-10,29.420813058405244
2002-09-11,28.49569020706812
2002-09-12,27.667044611172003
2002-09-13,30.92849848632303
2002-09-16,32.33403356662051
2002-09-17,31.0793767411124
2002-09-18,31.672309928285657
2002-09-19,32.23815747451334
2002-09-20,30.87338855986839
2002-09-23,29.689583516737883
2002-09-24,30.981537638511163
2002-09-25,29.72934481827913
2002-09-26,29.15084881490498
2002-09-27,28.142714826133226
2002-09-30,27.03338160655949
2002-10-01,26.024806721344845
2002-10-02,25.5004727260443
2002-10-03,24.997359848647488
2002-10-04,26.67933670449353
2002-10-07,25.76919539229702
2002-10-08,24.80160885580151
2002-10-09,23.955481904474578
2002-10-10,23.08881017651207
2002-10-11,24.544981477942514
2002-10-14,24.97271601890815
2002-10-15,24.835807993029075
2002-10-16,23.95906694479448
2002-10-17,23.115155813914804
2002-10-18,23.30960039217744
2002-10-21,22.490885353081328
2002-10-22,30.123576958948362
2002-10-23,29.477293456066732
2002-10-24,28.273240941113603
2002-10-25,27.18596429702538
2002-10-28,30.173265756203833
2002-10-29,30.572376682036623
2002-10-30,29.703113972541733
2002-10-31,29.610812653448853
2002-11-01,28.671294477608704
2002-11-04,27.938251782767836
2002-11-05,28.960676202361896
2002-11-06,29.800598627540055
2002-11-07,34.11285883303028
2002-11-08,34.90366856686752
2002-11-11,37.289462792904914
2002-11-12,36.183036697863855
2002-11-13,34.703290464113444
2002-11-14,39.62521321545645
2002-11-15,37.96802739269017
2002-11-18,37.73765274856045
2002-11-19,36.085560201502446
2002-11-20,36.77567849626131
2002-11-21,35.14894759849982
2002-11-22,34.82087415705967
2002-11-25,33.686198512993165
2002-11-26,32.248687543688284
2002-11-27,31.42394622236837
2002-11-28,31.85826625679126
2002-11-29,32.415914781771896
2002-12-02,31.042013351858138
2002-12-03,29.745603376951944
2002-12-04,29.247983526217407
2002-12-05,28.128857300966054
2002-12-06,27.03345846990141
2002-12-09,27.066071839204575
2002-12-10,26.94068649143834
2002-12-11,26.387593656154085
2002-12-12,26.858521439059984
2002-12-13,26.90656906427844
2002-12-16,26.524006496195646
2002-12-17,31.417804771539032
2002-12-18,31.250012299139247
2002-12-19,31.94791760631075
2002-12-20,30.962095389612138
2002-12-23,31.61826975378833
2002-12-24,34.2814140663142
2002-12-27,33.14404054882421
2002-12-30,32.81983472039416
2002-12-31,32.37438615713194
2003-01-02,42.81520638271268
2003-01-03,40.96220235948318
2003-01-06,42.65875229051378
2003-01-07,40.70614938330441
2003-01-08,40.18092829137585
2003-01-09,45.162342758912814
2003-01-10,45.69964974602677
2003-01-13,43.699612644132394
2003-01-14,42.11751516711366
2003-01-15,42.48846248744571
2003-01-16,40.90704588744446
2003-01-17,39.901336098015754
2003-01-20,39.65870745140273
2003-01-21,39.10081677911015
2003-01-22,38.15862752637876
2003-01-23,36.80482972923868
2003-01-24,36.65862861955285
2003-01-27,35.17974341613597
2003-01-28,34.9263963098143
2003-01-29,33.73247685718624
2003-01-30,33.256509054037494
2003-01-31,31.90899671701088
2003-02-03,30.631031311825907
2003-02-04,30.919535828639905
2003-02-05,29.74069654368547
2003-02-06,30.08066871745203
2003-02-07,28.84130246929977
2003-02-10,28.336668886831127
2003-02-11,27.40576178258672
2003-02-12,26.326832656102724
2003-02-13,25.32820010074497
2003-02-14,26.762997002197288
2003-02-17,25.72148102000446
2003-02-18,24.935000538468937
2003-02-19,24.157359130169826
2003-02-20,23.335299861896058
2003-02-21,23.298299932625756
2003-02-24,22.474821985356083
2003-02-25,23.585505761230273
2003-02-26,22.952544163021614
2003-02-27,22.32286938651554
2003-02-28,23.271548671441032
2003-03-03,22.496493051260412
2003-03-04,23.4143300934886
2003-03-05,26.329594113668485
2003-03-06,26.138560105777437
2003-03-07,25.93817956430203
2003-03-10,24.963468871834753
2003-03-11,24.84536831774977
2003-03-12,26.958051916089282
2003-03-13,25.931836276788466
2003-03-14,25.08922454743585
2003-03-17,44.057104229560004
2003-03-18,45.613554936138975
2003-03-19,52.569953438948325
2003-03-20,50.15704855908994
2003-03-21,48.30837873015624
2003-03-24,63.25272832800509
2003-03-25,62.63700881688102
2003-03-26,61.02004528601389
2003-03-27,62.703551672541366
2003-03-28,64.10691736569919
2003-03-31,61.33377392902892
2003-04-01,58.74793254422431
2003-04-02,55.97322989505818
2003-04-03,60.871338802025086
2003-04-04,58.51361183730371
2003-04-07,59.50232398955332
2003-04-08,57.05499826857188
2003-04-09,54.86730069715728
2003-04-10,52.42884665570947
2003-04-11,49.95542341081857
2003-04-14,49.945994723891616
2003-04-15,48.00811981179797
2003-04-16,45.76561877545742
2003-04-17,43.69543712618898
2003-04-18,42.72323516641684
2003-04-21,41.41737221062474
2003-04-22,39.53281994829603
2003-04-23,37.763429023012804
2003-04-24,42.4312994596163
2003-04-25,41.721450814950494
2003-04-28,40.05879697043703
2003-04-29,42.140656807642046
2003-04-30,40.424463976655154
2003-05-01,39.29451146024909
2003-05-02,37.704006303747676
2003-05-05,36.05208693015688
2003-05-06,34.598644972733936
2003-05-07,33.683104624744516
2003-05-08,32.28199155284796
2003-05-09,32.2240185723396
2003-05-12,36.94958889117841
2003-05-13,35.39590287757018
2003-05-14,34.17063568401318
2003-05-15,34.097591619949945
2003-05-16,35.56840089496275
2003-05-19,34.74182624012744
2003-05-20,33.236678414407564
2003-05-21,33.28614233149531
2003-05-22,35.44525741501592
2003-05-23,34.22242273251621
2003-05-26,32.91214127173176
2003-05-27,32.18821995784898
2003-05-28,31.125346350609938
2003-05-29,29.857337056032705
2003-05-30,28.68647178890404
2003-06-02,27.718075436122163
2003-06-03,31.676213742650894
2003-06-04,31.190447215752858
2003-06-05,31.1627840903851
2003-06-06,31.943790009541633
2003-06-09,30.796400009213954
2003-06-10,29.761480100781824
2003-06-11,28.71913464447673
2003-06-12,28.887408313071226
2003-06-13,28.95396719728621
2003-06-16,33.604925267942335
2003-06-17,32.204048715245506
2003-06-18,31.517980549415505
2003-06-19,32.8350965368051
2003-06-20,31.711774994756816
2003-06-23,34.49671184310173
2003-06-24,32.99896682506709
2003-06-25,31.749010012374313
2003-06-26,31.10002027398207
2003-06-27,30.236333791858673
2003-06-30,29.74243484646263
2003-07-01,37.38086847575095
2003-07-02,36.9399140663727
2003-07-03,35.38487737196914
2003-07-04,34.56584038222467
2003-07-07,34.9672374705876
2003-07-08,35.899772145796014
2003-07-09,36.46751894288568
2003-07-10,35.11545295360977
2003-07-11,38.650973048119624
2003-07-14,36.920590702401114
2003-07-15,38.004210034412864
2003-07-16,36.74620091976152
2003-07-17,35.66576198044964
2003-07-18,34.1204778167178
2003-07-21,34.12135265575878
2003-07-22,38.36265463047582
2003-07-23,37.20797030779347
2003-07-24,37.750974669051864
2003-07-25,36.07896294725272
2003-07-28,35.792896674107965
2003-07-29,35.73717115151357
2003-07-30,35.438737433381874
2003-07-31,33.89036631587214
2003-08-01,32.98345457117807
2003-08-04,35.143764437443906
2003-08-05,33.8848885316545
2003-08-06,33.195652951594276
2003-08-07,32.31739780668577
2003-08-08,30.95019811029986
2003-08-11,30.766772516616964
2003-08-12,30.751137340080724
2003-08-13,29.4892091052951
2003-08-14,29.32052184393406
2003-08-15,30.440553729483582
2003-08-18,29.378723579658782
2003-08-19,30.31384916076631
2003-08-20,31.274268400394554
2003-08-21,29.99679062627084
2003-08-22,30.670981877048874
2003-08-25,29.680031930166663
2003-08-26,28.74367918001021
2003-08-27,27.61665484591417
2003-08-28,26.530422049271245
2003-08-29,25.509243147075033
2003-09-01,24.90911576539215
2003-09-02,26.826140060519993
2003-09-03,36.704152130786916
2003-09-04,35.25014060123002
2003-09-05,34.45322584500191
2003-09-08,33.17607546380832
2003-09-09,34.16621421203846
2003-09-10,35.711983328497155
2003-09-11,34.19664248792143
2003-09-12,33.103829565660945
2003-09-15,36.07631653173357
2003-09-16,34.59649002431631
2003-09-17,33.15379045874504
2003-09-18,33.205123775895906
2003-09-19,32.02307490188064
2003-09-22,30.687940235883016
2003-09-23,29.938312214692715
2003-09-24,28.753680577878633
2003-09-25,33.6948421041911
2003-09-26,32.47783913919539
2003-09-29,31.100271364212738
2003-09-30,32.485933522524405
2003-10-01,31.55173976374202
2003-10-02,30.294296551941336
2003-10-03,32.83459928769128
2003-10-06,31.657270359308754
2003-10-07,31.849516406113338
2003-10-08,31.227760166677864
2003-10-09,30.63948654548319
2003-10-10,35.57072993925939
2003-10-13,36.854980535749135
2003-10-14,35.2919414850597
2003-10-15,34.4107970067095
2003-10-16,33.10938246180916
2003-10-17,31.829027850471864
2003-10-20,32.90841480138668
2003-10-21,32.50637280945217
2003-10-22,31.26081808376821
2003-10-23,30.556284377090165
2003-10-24,29.893820623953456
2003-10-27,29.26733765295353
2003-10-28,29.927348741478323
2003-10-29,29.44408757395347
2003-10-30,29.183207118254582
2003-10-31,33.75342301154817
2003-11-03,33.029047545829044
2003-11-04,31.672887911846548
2003-11-05,31.426480955927566
2003-11-06,31.685829923464322
2003-11-07,32.0652717348956
2003-11-10,30.886314655402042
2003-11-11,29.625438725809143
2003-11-12,28.42149811882696
2003-11-13,27.7697032687512
2003-11-14,27.561384958236694
2003-11-17,29.21845406690341
2003-11-18,31.003581536318446
2003-11-19,30.033809250922527
2003-11-20,31.956498471307288
2003-11-21,30.889796929821898
2003-11-24,29.64529973249062
2003-11-25,41.39408971841608
2003-11-26,40.05388498334431
2003-11-27,39.602705259503814
2003-11-28,39.40113094002593
2003-12-01,37.63273530467198
2003-12-02,38.33620280095292
2003-12-03,39.72237258022658
2003-12-04,38.00899262526231
2003-12-05,36.31441961566848
2003-12-08,35.310114223146186
2003-12-09,42.901190587561295
2003-12-10,41.14355670809854
2003-12-11,39.494483939153035
2003-12-12,37.91484923442926
2003-12-15,36.893512970672646
2003-12-16,36.652230508913185
2003-12-17,35.26998698828784
2003-12-18,34.18356816635719
2003-12-19,32.901597287397344
2003-12-22,31.69201637776698
2003-12-23,47.31822176261022
2003-12-24,45.862493471101864
2003-12-29,47.6490792963183
2003-12-30,45.67581154424399
2003-12-31,46.02366927829477
2004-01-02,43.98897433211882
2004-01-05,43.705126289008476
2004-01-06,59.528529742695426
2004-01-07,59.11546661574862
2004-01-08,56.3874386986734
2004-01-09,53.724166864867925
2004-01-12,52.56078766956167
2004-01-13,50.67358558740074
2004-01-14,51.162018081204806
2004-01-15,49.92611047011976
2004-01-16,48.01019229026038
2004-01-19,45.85242235494743
2004-01-20,44.143196362671866
2004-01-21,42.990461103545464
2004-01-22,41.3020613069772
2004-01-23,40.270559688550975
2004-01-26,39.67244609745574
2004-01-27,40.49414300224404
2004-01-28,38.69888612598131
2004-01-29,37.24168137871236
2004-01-30,41.270779638998
2004-02-02,39.40157393823365
2004-02-03,39.54175500788258
2004-02-04,37.955782176121566
2004-02-05,36.982773492362305
2004-02-06,36.77828352779185
2004-02-09,35.351083073654124
2004-02-10,33.92192050375128
2004-02-11,35.91376984169155
2004-02-12,34.578461364896654
2004-02-13,33.188000692047034
2004-02-16,34.02854118183842
2004-02-17,32.59935433106173
2004-02-18,31.636517192164682
2004-02-19,30.36488620925694
2004-02-20,29.1146679866141
2004-02-23,28.665184363525885
2004-02-24,29.26547982832089
2004-02-25,28.44197095277441
2004-02-26,30.10108818155765
2004-02-27,28.85961728804401
2004-03-01,28.559863928227504
2004-03-02,27.97360543671077
2004-03-03,29.14552940225681
2004-03-04,30.4232679480952
2004-03-05,29.208798929143153
2004-03-08,30.98862364083746
2004-03-09,29.760836245036238
2004-03-10,29.625169887565317
2004-03-11,31.252622851057087
2004-03-12,30.437183212633162
2004-03-15,29.974504459905067
2004-03-16,36.86975101999751
2004-03-17,35.509270045452304
2004-03-18,34.08338972696573
2004-03-19,33.43412882005346
2004-03-22,32.0360186454166
2004-03-23,32.56849367333271
2004-03-24,33.24135058130097
2004-03-25,32.04490889484876
2004-03-26,32.89772822198912
2004-03-29,33.69912560311087
2004-03-30,33.035730900893036
2004-03-31,34.80717634328697
2004-04-01,35.12685893927958
2004-04-02,33.859518284873275
2004-04-05,38.747006333528724
2004-04-06,37.012950859983754
2004-04-07,35.66422258114681
2004-04-08,41.379411929832294
2004-04-09,41.52710754299535
2004-04-12,39.63935848427461
2004-04-13,38.410638677474104
2004-04-14,37.061830502133326
2004-04-15,36.50465917377634
2004-04-16,34.97329186641913
2004-04-19,33.488639561735724
2004-04-20,34.16530549975689
2004-04-21,36.54899342055642
2004-04-22,35.281078429813455
2004-04-23,33.73821156583403
2004-04-26,33.15117285936333
2004-04-27,32.19505373861502
2004-04-28,30.85148111946631
2004-04-29,32.07258446219538
2004-04-30,31.142389877039722
2004-05-03,30.797901587449868
2004-05-04,29.750212582606007
2004-05-05,32.07466295465406
2004-05-06,31.404344211620945
2004-05-07,30.6632105330111
2004-05-10,29.483528875259008
2004-05-11,33.97573957459399
2004-05-12,35.7300683681031
2004-05-13,36.3274324514652
2004-05-14,34.979653366808925
2004-05-17,34.63957816453486
2004-05-18,33.20367131627822
2004-05-19,32.30026861654095
2004-05-20,30.951146238729134
2004-05-21,30.364426212335342
2004-05-24,33.39483542859434
2004-05-25,37.72259583961115
2004-05-26,37.293520137646794
2004-05-27,36.03419504756501
2004-05-28,36.90067864077642
2004-05-31,35.27119887921856
2004-06-01,33.729411205895744
2004-06-02,41.239579595814305
2004-06-03,41.5804222879515
2004-06-04,45.64495313072557
2004-06-07,43.7170171563932
2004-06-08,42.074815432477806
2004-06-09,40.18338244347859
2004-06-10,39.87341863425382
2004-06-11,40.65053756116272
2004-06-14,39.47387728275136
2004-06-15,37.69752158701629
2004-06-16,36.87074142987875
2004-06-17,35.273511020342205
2004-06-18,36.42889779477016
2004-06-21,34.89182686476942
2004-06-22,34.44234639199312
2004-06-23,32.98566951810886
2004-06-24,31.644947890904813
2004-06-25,30.351702029709525
2004-06-28,29.831011194679274
2004-06-29,32.09173591994616
2004-06-30,32.12885007026635
2004-07-01,31.971973763858507
2004-07-02,44.816086418494606
2004-07-05,42.86279473776863
2004-07-06,41.179222393297415
2004-07-07,40.47188925909445
2004-07-08,40.315353567343635
2004-07-09,43.24882132523965
2004-07-12,41.63974658933244
2004-07-13,39.77959210881085
2004-07-14,40.3904726165297
2004-07-15,39.97624805571597
2004-07-16,39.77400802144773
2004-07-19,37.98811160723321
2004-07-20,36.9581350973587
2004-07-21,35.35443305761659
2004-07-22,34.36033797446702
2004-07-23,33.87928399336953
2004-07-26,32.806421708275465
2004-07-27,31.453261527915018
2004-07-28,30.380684210233273
2004-07-29,31.311875397751415
2004-07-30,30.060442212950715
2004-08-02,29.456469588558754
2004-08-03,28.295529899218902
2004-08-04,27.65826194225814
2004-08-05,26.579694062793063
2004-08-06,26.842320007067805
2004-08-09,25.83194364514053
2004-08-10,25.63024026536643
2004-08-11,25.966612311076176
2004-08-12,24.984642433310725
2004-08-13,26.67173957690437
2004-08-16,26.496674476818082
2004-08-17,25.564553826446375
2004-08-18,24.836750746821536
2004-08-19,23.92075377005153
2004-08-20,24.26747050472083
2004-08-23,24.239158332281203
2004-08-24,26.08453693478002
2004-08-25,29.520351794762767
2004-08-26,29.148269520255116
2004-08-27,34.55164716355758
2004-08-30,33.056242976072966
2004-08-31,31.644609032955902
2004-09-01,32.54858411765844
2004-09-02,33.99509490669505
2004-09-03,36.36618700604714
2004-09-06,38.00705391208112
2004-09-07,37.199565133734296
2004-09-08,35.65038251853036
2004-09-09,34.270594577449344
2004-09-10,37.38534040329891
2004-09-13,36.08303158594724
2004-09-14,34.83999604995028
2004-09-15,34.29625438673344
2004-09-16,33.71140943576385
2004-09-17,35.94275050224848
2004-09-20,43.88764618028044
2004-09-21,42.23531494193877
2004-09-22,41.58908322641391
2004-09-23,41.32782369432058
2004-09-24,40.43040418506852
2004-09-27,38.84233778281329
2004-09-28,37.83821745491994
2004-09-29,36.71577190737545
2004-09-30,36.5410391546125
2004-10-01,37.00236489191799
2004-10-04,36.56949545114895
2004-10-05,34.972259777264554
2004-10-06,33.4597589518555
2004-10-07,33.10053299410406
2004-10-08,33.2230994363863
2004-10-11,32.0481923052016
2004-10-12,33.192207979186335
2004-10-13,32.12763395313109
2004-10-14,31.866938672851358
2004-10-15,31.602172534445632
2004-10-18,30.41036318869912
2004-10-19,34.261809717257705
2004-10-20,32.778217258296195
2004-10-21,34.723657827140016
2004-10-22,33.30222676101566
2004-10-25,33.76047119605076
2004-10-26,32.80848543363784
2004-10-27,31.563173814178214
2004-10-28,35.96085462742985
2004-10-29,36.08537200989376
2004-11-01,35.263225619929585
2004-11-02,36.33198507562045
2004-11-03,35.291755819698245
2004-11-04,33.77466547635157
2004-11-05,33.49283195357102
2004-11-08,33.68304459112279
2004-11-09,32.50611758959189
2004-11-10,35.29427431437245
2004-11-11,34.689585678588536
2004-11-12,33.439218924253424
2004-11-15,33.65280524722428
2004-11-16,40.22609753362328
2004-11-17,40.79457115981415
2004-11-18,39.03647987766615
2004-11-19,37.77514361389457
2004-11-22,39.89978442743931
2004-11-23,38.102149454720255
2004-11-24,37.37246361948481
2004-11-25,36.03093986403192
2004-11-26,34.86645404923585
2004-11-29,33.480196573473606
2004-11-30,34.513547366094734
2004-12-01,33.06129048197285
2004-12-02,46.703485306591155
2004-12-03,55.25470172961725
2004-12-06,52.631739000665554
2004-12-07,50.179159186935976
2004-12-08,50.7377399539433
2004-12-09,48.43644824275083
2004-12-10,49.570988589974185
2004-12-13,49.28375708627253
2004-12-14,47.3910748601991
2004-12-15,45.29356013060543
2004-12-16,69.79126852502863
2004-12-17,66.40457082833392
2004-12-20,65.60174937343385
2004-12-21,62.59584419444766
2004-12-22,59.58635987177134
2004-12-23,62.805122000818834
2004-12-24,59.811733676643364
2004-12-27,57.57036028068734
2004-12-28,54.81938913191002
2004-12-29,52.74874651158089
2004-12-30,52.75887624026539
2004-12-31,51.3283442793181
2005-01-04,49.370778634446246
2005-01-05,47.2401880440233
2005-01-06,45.121872793064384
2005-01-07,49.987674872473036
2005-01-10,47.638841658460585
2005-01-11,47.955193172089885
2005-01-12,47.78302231514136
2005-01-13,45.658040875199205
2005-01-14,48.495270830597256
2005-01-17,46.54790332886547
2005-01-18,44.423942658789166
2005-01-19,42.379763394832395
2005-01-20,40.44399887913032
2005-01-21,40.44059210726525
2005-01-24,43.129324547474454
2005-01-25,41.183995963221
2005-01-26,39.513047556918984
2005-01-27,37.80172466750821
2005-01-28,36.56729691329278
2005-01-31,39.638079233719836
2005-02-01,37.95261108809249
2005-02-02,36.808739711189034
2005-02-03,36.68475242993772
2005-02-04,36.93856717232508
2005-02-07,35.32428217246693
2005-02-08,34.38791529079986
2005-02-09,32.905937264579116
2005-02-10,31.70025777696636
2005-02-11,34.79431150851366
2005-02-14,33.49751865601963
2005-02-15,32.068582435070944
2005-02-16,30.982084377123865
2005-02-17,30.142678239774224
2005-02-18,28.897380502544262
2005-02-21,28.07725015448113
2005-02-22,27.044742506479754
2005-02-23,30.138857525415645
2005-02-24,29.396468672553855
2005-02-25,30.066940121199252
2005-02-28,29.818857917681157
2005-03-01,28.597802093321018
2005-03-02,27.61264746483511
2005-03-03,27.040096530596426
2005-03-04,30.933802625239565
2005-03-07,30.553927676087895
2005-03-08,29.37514996534667
2005-03-09,30.92986179255307
2005-03-10,30.4833977389474
2005-03-11,30.808631529003826
2005-03-14,29.534323139175562
2005-03-15,28.690055684225563
2005-03-16,27.6341626089271
2005-03-17,27.094399496551567
2005-03-18,28.714346224637904
2005-03-21,27.562457041876478
2005-03-22,26.52802900460228
2005-03-23,25.759011321930984
2005-03-24,42.829305737539734
2005-03-28,41.54442746561229
2005-03-29,40.06323453049101
2005-03-30,38.39164356781313
2005-03-31,37.4571998916664
2005-04-01,42.94711375908645
2005-04-04,41.75712460423834
2005-04-05,42.69753747352891
2005-04-06,42.54893604505724
2005-04-07,40.8152613525051
2005-04-08,41.327183155020755
2005-04-11,40.062192862963386
2005-04-12,38.71424299720263
2005-04-13,37.08405410567257
2005-04-14,39.67052768962536
2005-04-15,38.20947652357445
2005-04-18,37.135569158572956
2005-04-19,36.70828406813987
2005-04-20,40.96404292246364
2005-04-21,39.68132159440522
2005-04-22,37.92857958321288
2005-04-25,39.62537897699334
2005-04-26,38.03787355100261
2005-04-27,36.818688568946364
2005-04-28,36.8992195178561
2005-04-29,35.67072918058615
2005-05-02,34.13547065705618
2005-05-03,32.74976220990582
2005-05-04,34.202483841872976
2005-05-05,33.74794450449407
2005-05-06,32.75087041001041
2005-05-09,31.37775198197264
2005-05-10,30.059440224238827
2005-05-11,30.021295490651895
2005-05-12,33.21728574260294
2005-05-13,35.254115826781785
2005-05-16,34.206590127348235
2005-05-17,33.04879589324193
2005-05-18,32.865848152890365
2005-05-19,31.461746315067202
2005-05-20,30.482767378593206
2005-05-23,29.218264941374073
2005-05-24,28.25424523532652
2005-05-25,27.121087648518998
2005-05-26,32.359221738389785
2005-05-27,31.289385582714708
2005-05-30,30.125808053561524
2005-05-31,28.90059007191399
2005-06-01,27.732714583813017
2005-06-02,28.798690421849997
2005-06-03,28.69228408720209
2005-06-06,28.05410678332283
2005-06-07,27.665305319714257
2005-06-08,28.15008066044415
2005-06-09,27.146506693491794
2005-06-10,26.63254402515159
2005-06-13,26.195233105244643
2005-06-14,25.187594162523375
2005-06-15,27.809715814819302
2005-06-16,27.19607357408297
2005-06-17,26.164371887161114
2005-06-20,33.69142926260404
2005-06-21,32.26619670890687
2005-06-22,30.959790199156718
2005-06-23,31.705784151955374
2005-06-24,31.41315347047665
2005-06-27,30.121470081864626
2005-06-28,30.727116747789168
2005-06-29,30.13051578232504
2005-06-30,35.10315804862984
2005-07-01,33.57792108936096
2005-07-04,33.32033856351418
2005-07-05,32.42872030532284
2005-07-06,31.60412096556066
2005-07-07,30.548563729575744
2005-07-08,30.118245063099753
2005-07-11,31.16990367680356
2005-07-12,38.54423819130107
2005-07-13,43.718986575796166
2005-07-14,42.03904388062497
2005-07-15,42.18188084124998
2005-07-18,40.27955316677663
2005-07-19,38.98251927436203
2005-07-20,37.451745388527435
2005-07-21,35.93346084519805
2005-07-22,35.06895508522587
2005-07-25,35.50468543664454
2005-07-26,34.213777250021124
2005-07-27,33.85494087938739
2005-07-28,32.465396806390416
2005-07-29,31.091305306518368
2005-08-01,32.084138807929364
2005-08-02,31.325154737886677
2005-08-03,30.226263672062803
2005-08-04,28.98972964036155
2005-08-05,28.160967316650197
2005-08-08,27.041731768864345
2005-08-09,29.535904192010527
2005-08-10,28.369200518738563
2005-08-11,28.173748673972927
2005-08-12,31.204779862254146
2005-08-15,31.401299659194144
2005-08-16,30.39399471791473
2005-08-17,31.39320471109515
2005-08-18,32.688256704040306
2005-08-19,33.85489100294555
2005-08-22,37.325633488441305
2005-08-23,37.647764085669166
2005-08-24,36.37342222870158
2005-08-25,34.77194717383989
2005-08-26,33.5497847515391
2005-08-29,32.191371000310184
2005-08-30,32.69105104789871
2005-08-31,32.830474957497586
2005-09-01,31.747758688144405
2005-09-02,30.40887751381895
2005-09-05,29.812751419956392
2005-09-06,31.56771788784433
2005-09-07,30.238785645613365
2005-09-08,29.31894814733223
2005-09-09,31.896742255551914
2005-09-12,31.38892569627677
2005-09-13,33.697381145661545
2005-09-14,32.58285950062992
2005-09-15,31.324122466024264
2005-09-16,30.039534834148014
2005-09-19,30.94631511282483
2005-09-20,40.265747324701
2005-09-21,39.30875155238209
2005-09-22,38.80583583873585
2005-09-23,37.134046515639994
2005-09-26,40.19694207408212
2005-09-27,38.54763144993988
2005-09-28,37.341731136069974
2005-09-29,35.72411546218232
2005-09-30,34.7258611845066
2005-10-03,33.32201519927784
2005-10-04,31.89776609899943
2005-10-05,36.40948959620648
2005-10-06,34.82026216497814
2005-10-07,37.72899037707732
2005-10-10,36.05265860195559
2005-10-11,34.559829418077875
2005-10-12,34.232572289142425
2005-10-13,35.82430860510915
2005-10-14,34.44443341553065
2005-10-17,34.045927130850934
2005-10-18,34.32940212263323
2005-10-19,33.79028973711791
2005-10-20,32.90234978304598
2005-10-21,32.83209147221699
2005-10-24,31.446263092247523
2005-10-25,30.652252702660277
2005-10-26,30.640497099019914
2005-10-27,29.40361664969695
2005-10-28,28.480391000925504
2005-10-31,29.45840145790436
2005-11-01,29.454683114452685
2005-11-02,31.99535786574822
2005-11-03,34.171649124380075
2005-11-04,33.678807539170734
2005-11-07,33.0303549888531
2005-11-08,36.73616497216544
2005-11-09,35.21269867570164
2005-11-10,33.71591398341657
2005-11-11,35.970680590324584
2005-11-14,37.01477039763647
2005-11-15,35.428525336194696
2005-11-16,34.001133727399804
2005-11-17,33.280940361024236
2005-11-18,31.864309081291808
2005-11-21,31.76912869130627
2005-11-22,30.759345350108347
2005-11-23,30.38856942457792
2005-11-24,29.46749780892093
2005-11-25,28.426594352828864
2005-11-28,27.40033674092887
2005-11-29,26.42471870499842
2005-11-30,25.555529301177522
2005-12-01,24.587866606864125
2005-12-02,23.92314760098823
2005-12-05,25.522623279981627
2005-12-06,26.38946836884054
2005-12-07,25.592704451209592
2005-12-08,25.0497973168964
2005-12-09,25.805704342336956
2005-12-12,25.955736070773156
2005-12-13,24.963959351978403
2005-12-14,28.71521128018038
2005-12-15,27.748755767205413
2005-12-16,26.64979499656373
2005-12-19,28.67919156999762
2005-12-20,32.43385760264024
2005-12-21,31.05525329297643
2005-12-22,29.75904691680311
2005-12-23,30.36707448865642
2005-12-26,30.41152338029494
2005-12-28,29.21944116285068
2005-12-29,28.181546752161907
2005-12-30,27.842588900439697
2006-01-03,27.185132098731472
2006-01-04,36.28216734415113
2006-01-05,34.753985535342004
2006-01-06,33.39108490608881
2006-01-09,32.443635788516836
2006-01-10,31.066062664566196
2006-01-11,29.81171366521787
2006-01-12,29.257354418986687
2006-01-13,30.02466596277525
2006-01-16,30.726599573290216
2006-01-17,29.99097169408753
2006-01-18,29.486149068096097
2006-01-19,28.405906440410895
2006-01-20,27.26367583173495
2006-01-23,27.812062252430298
2006-01-24,26.858240450278014
2006-01-25,26.436662731488518
2006-01-26,27.088039292590736
2006-01-27,26.122732103058468
2006-01-30,29.237351576221016
2006-01-31,28.07110923942668
2006-02-01,30.731594590542322
2006-02-02,34.54322368650583
2006-02-03,36.78541234608794
2006-02-06,35.933028369684756
2006-02-07,34.83141106912622
2006-02-08,35.79396245034643
2006-02-09,34.85588043546904
2006-02-10,33.356632830978626
2006-02-13,33.03134863966863
2006-02-14,31.89873318821434
2006-02-15,31.448525233969733
2006-02-16,30.564288962855546
2006-02-17,30.276777665589194
2006-02-20,31.722948108217075
2006-02-21,33.31512554813037
2006-02-22,32.410820276241445
2006-02-23,31.4975668073604
2006-02-24,30.1727265126636
2006-02-27,31.042867832482422
2006-02-28,30.290748028123605
2006-03-01,29.147153572092904
2006-03-02,29.845594995037523
2006-03-03,29.92430816704828
2006-03-06,28.85091315935898
2006-03-07,29.462734243843986
2006-03-08,31.11096383381748
2006-03-09,31.8822565262531
2006-03-10,30.6892911423481
2006-03-13,29.454483389911424
2006-03-14,32.170743977350035
2006-03-15,32.60891455474052
2006-03-16,31.68015755015709
2006-03-17,31.442822218606025
2006-03-20,32.07785202571575
2006-03-21,32.19764371303886
2006-03-22,35.98488458978479
2006-03-23,35.78720813412918
2006-03-24,34.44180837026754
2006-03-27,33.826166688228575
2006-03-28,32.4080550568792
2006-03-29,33.56975981315955
2006-03-30,32.3773817123137
2006-03-31,31.93130619140022
2006-04-03,30.58659527700932
2006-04-04,30.54542579535071
2006-04-05,30.909370105121315
2006-04-06,30.15492253914936
2006-04-07,29.485498266891984
2006-04-10,28.4993227379415
2006-04-11,28.370034812667217
2006-04-12,27.30694489719912
2006-04-13,27.121865294993242
2006-04-18,26.086232144315296
2006-04-19,27.235143031356746
2006-04-20,28.496584673550224
2006-04-21,27.36645322307477
2006-04-24,27.713533360946712
2006-04-25,26.61298419424704
2006-04-26,26.62312303564287
2006-04-27,25.860994893661772
2006-04-28,27.288900595142895
2006-05-01,26.306737421423655
2006-05-02,26.482182128799153
2006-05-03,26.353380404272336
2006-05-04,25.796878809951128
2006-05-05,27.851979549212384
2006-05-08,27.094586738928957
2006-05-09,33.16820769513003
2006-05-10,35.53822603231286
2006-05-11,34.415578785557244
2006-05-12,36.523690078936504
2006-05-15,35.45862641953366
2006-05-16,38.425389880904675
2006-05-17,36.70805292894682
2006-05-18,36.035614470534114
2006-05-19,34.46815874482859
2006-05-22,33.15448133838089
2006-05-23,31.88808097442587
2006-05-24,35.02822733909718
2006-05-25,33.71716215098688
2006-05-26,32.264200468318336
2006-05-29,32.264601149019
2006-05-30,31.322671468104147
2006-05-31,30.322827969801203
2006-06-01,33.133311654867725
2006-06-02,32.76863050019735
2006-06-05,31.48038578339128
2006-06-06,30.529019125672207
2006-06-07,29.938942954486038
2006-06-08,29.757531897943718
2006-06-09,30.360015071242774
2006-06-12,37.580241789043825
2006-06-13,36.10264522097754
2006-06-14,40.54112553697651
2006-06-15,38.72583358465109
2006-06-16,37.16416665045419
2006-06-19,36.34729504125113
2006-06-20,36.14189445751326
2006-06-21,35.50650157626987
2006-06-22,34.1911659308208
2006-06-23,34.1364851385836
2006-06-26,32.71619200938314
2006-06-27,31.325861359081696
2006-06-28,31.44586013245277
2006-06-29,30.288737493337376
2006-06-30,30.157811508614717
2006-07-03,28.92783144921176
2006-07-04,28.137808308671016
2006-07-05,27.510258239672204
2006-07-06,26.505160013397354
2006-07-07,25.515920082571963
2006-07-10,25.38398057099836
2006-07-11,27.063104828251223
2006-07-12,26.432460559680415
2006-07-13,25.42436969758286
2006-07-14,28.175704337845588
2006-07-17,27.602802468878124
2006-07-18,27.318017323061284
2006-07-19,26.263730804941115
2006-07-20,35.08237366383263
2006-07-21,34.09379844119242
2006-07-24,32.70987422717162
2006-07-25,31.8738280102692
2006-07-26,30.625463419623756
2006-07-27,30.458122942660953
2006-07-28,30.89128646316826
2006-07-31,31.013706761729974
2006-08-01,30.12887377180976
2006-08-02,30.63724513499268
2006-08-03,30.31231170426055
2006-08-04,30.30461225575128
2006-08-07,29.08168060160933
2006-08-08,28.975118352698576
2006-08-09,27.802755023539905
2006-08-10,26.759599673702155
2006-08-11,30.39919267903307
2006-08-14,29.33263233576065
2006-08-15,29.623635188518744
2006-08-16,28.451258742313502
2006-08-17,27.978550802922552
2006-08-18,30.903225228537078
2006-08-21,30.16815157022278
2006-08-22,29.823497129225608
2006-08-23,28.712917434082602
2006-08-24,28.306429773495722
2006-08-25,27.222557694601463
2006-08-28,27.253001719902166
2006-08-29,33.81793646028915
2006-08-30,36.68288346123488
2006-08-31,35.070136371879705
2006-09-01,33.71471663623974
2006-09-04,37.67610755947143
2006-09-05,38.30433818310371
2006-09-06,41.37040348342559
2006-09-07,39.69656188902571
2006-09-08,38.50528727242083
2006-09-11,36.82687219760178
2006-09-12,38.067791580644474
2006-09-13,36.40243233613536
2006-09-14,35.61055204030667
2006-09-15,34.32698776893764
2006-09-18,33.12086842599693
2006-09-19,33.11759048440623
2006-09-20,32.6752639055517
2006-09-21,41.4909824841662
2006-09-22,39.62212590829162
2006-09-25,38.03973028915486
2006-09-26,37.16014441003887
2006-09-27,35.87284128651328
2006-09-28,35.1891501259366
2006-09-29,41.798022545830214
2006-10-02,41.935022698368975
2006-10-03,40.102947068119335
2006-10-04,43.76906164675425
2006-10-05,41.95915950963695
2006-10-06,43.742664038225826
2006-10-09,42.64788592806545
2006-10-10,45.00504535178471
2006-10-11,44.59104159688753
2006-10-12,42.53705221014777
2006-10-13,40.59857130254868
2006-10-16,39.75353796186727
2006-10-17,38.484887016071035
2006-10-18,39.81479531553448
2006-10-19,40.27514731502584
2006-10-20,39.00649369191117
2006-10-23,37.28342267547874
2006-10-24,37.51706997666376
2006-10-25,35.84875346822911
2006-10-26,38.87896041328539
2006-10-27,37.13676339819608
2006-10-30,36.08324831239921
2006-10-31,35.361430769188665
2006-11-01,34.80432586960124
2006-11-02,33.34003554260978
2006-11-03,31.927934773235556
2006-11-06,30.661755975433852
2006-11-07,29.626913934530197
2006-11-08,28.4150073049554
2006-11-09,27.308079647006835
2006-11-10,33.386931304419704
2006-11-13,32.27449160523026
2006-11-14,36.3860440483736
2006-11-15,35.76469351678719
2006-11-16,34.196589555572935
2006-11-17,34.951823420644686
2006-11-20,39.31694806559883
2006-11-21,37.66040413524898
2006-11-22,39.99157512098811
2006-11-23,38.868221203244445
2006-11-24,38.0266178088423
2006-11-27,37.18521426284486
2006-11-28,35.57931404373648
2006-11-29,34.43336859087011
2006-11-30,33.650294609889755
2006-12-01,36.28279776919954
2006-12-04,34.78285912765406
2006-12-05,33.79305643156882
2006-12-06,32.43921825515138
2006-12-07,31.059590962024064
2006-12-08,30.05476995879271
2006-12-11,29.036565699350277
2006-12-12,29.095050082637243
2006-12-13,27.912614681082186
2006-12-14,27.3607639279228
2006-12-15,27.24719804085832
2006-12-18,26.176271219572556
2006-12-19,25.1879714034283
2006-12-20,24.743618299117323
2006-12-21,24.834351505859857
2006-12-22,25.167974648292983
2006-12-27,24.292446781670897
2006-12-28,25.34937834681542
2006-12-29,26.556921293182484
2007-01-02,25.81422231798229
2007-01-03,25.15549867461391
2007-01-04,28.85414937026067
2007-01-05,32.95600239909556
2007-01-08,35.33330404352392
2007-01-09,33.787994288514
2007-01-10,32.60258554296656
2007-01-11,31.327151699769836
2007-01-12,30.299656358160544
2007-01-16,33.416243490276415
2007-01-17,34.303571586721354
2007-01-18,32.83262450975753
2007-01-19,31.632794155305454
2007-01-22,33.12603103205089
2007-01-23,36.58425576796953
2007-01-24,35.17646071726059
2007-01-25,35.14846973369447
2007-01-26,33.934013199314094
2007-01-29,32.65366592150322
2007-01-30,31.699142553550086
2007-01-31,30.364174700835093
2007-02-01,33.01922806818416
2007-02-02,31.649657047283664
2007-02-05,30.34810506116615
2007-02-06,32.39142437208833
2007-02-07,31.475794406890795
2007-02-08,30.243948618198925
2007-02-09,30.479600440321047
2007-02-12,29.21717578494479
2007-02-13,31.5898993497377
2007-02-14,30.663244181858634
2007-02-15,30.861625036466133
2007-02-16,30.440753028126338
2007-02-20,36.34388056790117
2007-02-21,35.5624190163194
2007-02-22,37.268550600603284
2007-02-23,36.30698099382405
2007-02-26,37.421747953937064
2007-02-27,35.7619007508805
2007-02-28,34.19835119564797
2007-03-01,33.52768312845817
2007-03-02,35.02601034798603
2007-03-05,33.95806134206723
2007-03-06,36.698806077201375
2007-03-07,35.09001516417497
2007-03-08,35.416083255505384
2007-03-09,33.92462363784146
2007-03-12,32.895366319672235
2007-03-13,31.58838379855029
2007-03-14,31.082402804862845
2007-03-15,30.219919840509245
2007-03-16,29.253772423394274
2007-03-19,28.343808063585396
2007-03-20,27.45149386029457
2007-03-21,26.562207152255944
2007-03-22,25.53452612241564
2007-03-23,26.820595319440148
2007-03-26,28.256295756452644
2007-03-27,28.84288563900297
2007-03-28,27.716774404826722
2007-03-29,29.97392365723514
2007-03-30,29.647889118408642
2007-04-02,29.779218360148967
2007-04-03,28.721240915938395
2007-04-04,28.381218872079263
2007-04-05,27.243828099815893
2007-04-10,27.148345905781945
2007-04-11,28.223364954146252
2007-04-12,27.876286253420503
2007-04-13,27.40634280935615
2007-04-16,27.178660335503064
2007-04-17,28.758951643026087
2007-04-18,28.169208072144524
2007-04-19,28.60122845362777
2007-04-20,28.506612140949173
2007-04-23,27.37776880527798
2007-04-24,26.482096605534473
2007-04-25,26.661235918694715
2007-04-26,25.895835665619092
2007-04-27,24.90861511576546
2007-04-30,24.051082649557433
2007-05-01,23.184801557480057
2007-05-02,22.391009672036603
2007-05-03,25.439270968649772
2007-05-04,25.086617998100714
2007-05-07,24.226464127311516
2007-05-08,29.787766459820503
2007-05-09,29.24189634574476
2007-05-10,28.055205241603936
2007-05-11,28.17406410140762
2007-05-14,27.321217758257742
2007-05-15,26.677023697884177
2007-05-16,26.372317923204896
2007-05-17,25.357780302371385
2007-05-18,29.01073910325006
2007-05-21,27.85201084596952
2007-05-22,26.786997548038862
2007-05-23,25.982217951295628
2007-05-24,25.77837320292018
2007-05-25,25.55533997169
2007-05-29,26.02530503644899
2007-05-30,26.8978769765791
2007-05-31,28.451428645427974
2007-06-01,27.545231657191533
2007-06-04,26.636030489490125
2007-06-05,29.811804990097553
2007-06-06,28.733016094625214
2007-06-07,27.58103775602126
2007-06-08,27.061866561042436
2007-06-11,30.43750438078706
2007-06-12,30.362939937445756
2007-06-13,29.18839483519049
2007-06-14,28.364839281978426
2007-06-15,30.195639814595985
2007-06-18,29.084514356546602
2007-06-19,28.25737538059938
2007-06-20,27.15292125487146
2007-06-21,28.343067330655323
2007-06-22,28.44161027748625
2007-06-25,27.329905999888084
2007-06-26,26.677517953042003
2007-06-27,25.640534556691875
2007-06-28,24.81317045561414
2007-06-29,23.89962603374831
2007-07-02,23.087705309915883
2007-07-03,22.688599933836834
2007-07-05,23.558376053327624
2007-07-06,23.80505445105042
2007-07-09,24.06750612662625
2007-07-10,23.39365484939957
2007-07-11,23.034243167620776
2007-07-12,22.41691735699181
2007-07-13,22.162263579822213
2007-07-16,21.432651271820607
2007-07-17,20.731991205942123
2007-07-18,20.428729279212956
2007-07-19,19.93347072544634
2007-07-20,19.446686689494673
2007-07-23,19.343007392271613
2007-07-24,19.35155772018692
2007-07-25,24.437656718689208
2007-07-26,23.95663602033834
2007-07-27,26.41473565944763
2007-07-30,25.799340406530334
2007-07-31,25.047880833406065
2007-08-01,24.775774561953995
2007-08-02,23.860738421962132
2007-08-03,23.838238581589316
2007-08-06,23.54527509951306
2007-08-07,28.663849545919284
2007-08-08,31.528950280615454
2007-08-09,30.262210378600564
2007-08-10,29.375069002159293
2007-08-13,28.41612913228248
2007-08-14,29.632829660651204
2007-08-15,31.638584875526128
2007-08-16,33.18499785946253
2007-08-17,36.27466213483807
2007-08-20,35.36271526161839
2007-08-21,35.297647205885085
2007-08-22,33.94987181979772
2007-08-23,32.50700447569058
2007-08-24,31.864939758349497
2007-08-27,30.938211856991536
2007-08-28,30.005060000825967
2007-08-29,29.27274369485992
2007-08-30,28.596685011650763
2007-08-31,28.185995440873622
2007-09-04,27.579788894643475
2007-09-05,29.264924377427644
2007-09-06,28.233782450520806
2007-09-07,28.645559168694984
2007-09-10,28.45662513208522
2007-09-11,27.325846401766213
2007-09-12,27.383439965679933
2007-09-13,26.88423608014436
2007-09-14,26.1539385688181
2007-09-17,25.26780606910582
2007-09-18,24.393013837196964
2007-09-19,24.33372338641523
2007-09-20,25.067361277016982
2007-09-21,24.130442650885787
2007-09-24,23.378922397761404
2007-09-25,23.483388381658198
2007-09-26,23.618811460356532
2007-09-27,23.12539496890864
2007-09-28,27.645770133886966
2007-10-01,29.281081999708857
2007-10-02,32.37000584395794
2007-10-03,32.3355913896445
2007-10-04,31.459289351718123
2007-10-05,30.136108767028606
2007-10-08,29.775473205285362
2007-10-09,31.442452091148482
2007-10-10,30.576283824504557
2007-10-11,29.304783685749435
2007-10-12,33.283513533057416
2007-10-15,31.85564976128311
2007-10-16,32.00657131610398
2007-10-17,32.53127829474471
2007-10-18,31.453125486181673
2007-10-19,30.16168778437205
2007-10-22,29.2803907015139
2007-10-23,29.487516751437028
2007-10-24,28.39753794648342
2007-10-25,28.024381854950775
2007-10-26,28.980767181383477
2007-10-29,28.102275150028653
2007-10-30,39.00358647143109
2007-10-31,37.252381872806474
2007-11-01,35.59889242651561
2007-11-02,34.12352660101678
2007-11-05,33.86624358410394
2007-11-06,32.40401432013692
2007-11-07,32.37185370876746
2007-11-08,31.275546268184577
2007-11-09,30.06505121209605
2007-11-12,30.808811094082817
2007-11-13,29.81506027679742
2007-11-14,31.535279922179782
2007-11-15,31.395894611363556
2007-11-16,30.169273764102055
2007-11-19,30.17164134458691
2007-11-20,29.013996656875236
2007-11-21,30.690473090831468
2007-11-23,29.69223059421958
2007-11-26,28.519072098231955
2007-11-27,27.480419071522448
2007-11-28,27.762206995944755
2007-11-29,27.96403731311909
2007-11-30,27.069822057717623
2007-12-03,32.46456647237766
2007-12-04,31.461524184915586
2007-12-05,32.16732212036034
2007-12-06,31.022263839932112
2007-12-07,32.12627324802702
2007-12-10,30.764847530513794
2007-12-11,30.160466143710423
2007-12-12,28.998352282059486
2007-12-13,34.71487113504885
2007-12-14,33.49282839525844
2007-12-17,32.28670453514981
2007-12-18,32.01086789330569
2007-12-19,30.712710917540676
2007-12-20,29.45896825097079
2007-12-21,28.254463386370652
2007-12-24,27.123414187447143
2007-12-27,26.203228098735824
2007-12-28,32.58313666194407
2007-12-31,31.21433242368714
2008-01-02,32.05020551901751
2008-01-03,34.87521530125841
2008-01-04,34.056312506267766
2008-01-07,33.53985017689176
2008-01-08,34.878406496557076
2008-01-09,35.05735850318709
2008-01-10,33.57246533175256
2008-01-11,37.9692255893105
2008-01-14,36.62863710174714
2008-01-15,35.189306332986554
2008-01-16,34.86962478812073
2008-01-17,36.58542343230796
2008-01-18,35.25288877791726
2008-01-22,33.89966486138206
2008-01-23,33.5454353749328
2008-01-24,32.64713737205756
2008-01-25,31.42501900862272
2008-01-28,34.754370758092975
2008-01-29,33.24452917864066
2008-01-30,32.82563806581673
2008-01-31,31.425080624178342
2008-02-01,30.481047200536388
2008-02-04,29.235277250040742
2008-02-05,28.105815954096997
2008-02-06,28.17225851473178
2008-02-07,27.479500239451692
2008-02-08,26.41889720323724
2008-02-11,29.631003613723117
2008-02-12,31.10016818446627
2008-02-13,29.840344829515235
2008-02-14,28.724751870393412
2008-02-15,29.468514825068016
2008-02-19,28.697760441154678
2008-02-20,27.53821089227192
2008-02-21,26.74751373595222
2008-02-22,25.780511718566363
2008-02-25,25.873096019375026
2008-02-26,25.732747231036058
2008-02-27,25.928591616404752
2008-02-28,25.24630123023593
2008-02-29,25.374200814842716
2008-03-03,24.908437754115454
2008-03-04,24.347430270437602
2008-03-05,28.199719698180836
2008-03-06,29.258714604850876
2008-03-07,30.380611199198317
2008-03-10,29.597478710291135
2008-03-11,28.528282083256133
2008-03-12,28.108501696534272
2008-03-13,27.482576138859976
2008-03-14,26.877186690798478
2008-03-17,25.82908402663332
2008-03-18,32.87684634405405
2008-03-19,31.73805086947893
2008-03-20,32.92429262088297
2008-03-24,34.40301862815352
2008-03-25,33.334573078991085
2008-03-26,32.30240713422457
2008-03-27,33.797741026743125
2008-03-28,32.682805967033886
2008-03-31,31.82390311018247
2008-04-01,30.534393640424074
2008-04-02,34.13245077877737
2008-04-03,32.6601404988048
2008-04-04,35.264701375829716
2008-04-07,33.72923425602018
2008-04-08,36.56239659952385
2008-04-09,35.22566284431704
2008-04-10,35.340233796464396
2008-04-11,33.79922085559735
2008-04-14,32.36218019082276
2008-04-15,31.38976771386272
2008-04-16,31.96391160328088
2008-04-17,30.612606106711738
2008-04-18,29.37675989390604
2008-04-21,28.344990625698568
2008-04-22,27.34430917682286
2008-04-23,27.813772695018795
2008-04-24,27.700265992797107
2008-04-25,26.694214120096454
2008-04-28,26.631409919732917
2008-04-29,25.90633601074146
2008-04-30,26.13377469772712
2008-05-01,27.795340814126224
2008-05-02,31.629260239191247
2008-05-05,36.31686262154487
2008-05-06,38.082330146712685
2008-05-07,40.120762374340984
2008-05-08,38.33146449578778
2008-05-09,36.66493698890193
2008-05-12,37.86870063196278
2008-05-13,36.28258395254184
2008-05-14,34.68943348705986
2008-05-15,34.07834188903118
2008-05-16,33.155022553802425
2008-05-19,31.740521554348682
2008-05-20,30.57782384820833
2008-05-21,30.20741390369357
2008-05-22,31.294214134847344
2008-05-23,30.65478665445128
2008-05-27,29.470723701483827
2008-05-28,28.44076849699922
2008-05-29,27.296673868883936
2008-05-30,26.25322380148899
2008-06-02,25.880652553444982
2008-06-03,24.993006478098927
2008-06-04,25.535203948773987
2008-06-05,30.359048123550693
2008-06-06,29.192823649369554
2008-06-09,48.10554773763264
2008-06-10,46.20071612161115
2008-06-11,44.13711729227611
2008-06-12,42.19340677860389
2008-06-13,41.230027976672034
2008-06-16,40.093225603885216
2008-06-17,38.31409896071082
2008-06-18,37.86640460308557
2008-06-19,37.07686058510805
2008-06-20,36.76448734739968
2008-06-23,36.17554469766171
2008-06-24,34.589860686052695
2008-06-25,33.20086788280362
2008-06-26,34.63495702786459
2008-06-27,37.94469770866641
2008-06-30,37.28086469237445
2008-07-01,35.80446306953721
2008-07-02,35.06756695777477
2008-07-03,33.58220856014684
2008-07-07,33.35184254736963
2008-07-08,35.20128450277403
2008-07-09,38.83449361783448
2008-07-10,37.10710632678002
2008-07-11,36.06368139851335
2008-07-14,43.683684164466975
2008-07-15,41.90470549364766
2008-07-16,45.7805836683639
2008-07-17,44.75432010747734
2008-07-18,42.782490516466524
2008-07-21,44.511872292771535
2008-07-22,42.45826997038415
2008-07-23,41.35183998483065
2008-07-24,39.495300926189564
2008-07-25,38.134333051865205
2008-07-28,36.55375795768598
2008-07-29,35.11615596532455
2008-07-30,33.583136660907584
2008-07-31,34.66155597017327
2008-08-01,33.726286337564325
2008-08-04,32.272027402448906
2008-08-05,32.21999668964044
2008-08-06,37.78192683912033
2008-08-07,37.11435395292719
2008-08-08,36.86340284528056
2008-08-11,38.90578122518946
2008-08-12,38.7189900386017
2008-08-13,37.641731500248575
2008-08-14,36.685605478569194
2008-08-15,35.37988615712115
2008-08-18,36.36123241205376
2008-08-19,34.822944434047855
2008-08-20,33.34235716105307
2008-08-21,31.94605906740812
2008-08-22,47.240303370275086
2008-08-25,47.069724708298494
2008-08-26,48.5099609543484
2008-08-27,47.40398662936799
2008-08-28,45.323284047330134
2008-08-29,43.26613621895986
2008-09-02,41.28188607190322
2008-09-03,54.577444164789846
2008-09-04,52.230181974613096
2008-09-05,49.81787011266746
2008-09-08,47.680093443851845
2008-09-09,45.98029257959277
2008-09-10,45.07644985122366
2008-09-11,45.423272622923186
2008-09-12,43.32003747167225
2008-09-15,42.18728960016502
2008-09-16,45.19829318813359
2008-09-17,49.947140960767605
2008-09-18,47.61405533137376
2008-09-19,52.22728993952149
2008-09-22,51.47497400436954
2008-09-23,59.85395145677357
2008-09-24,56.994960237341566
2008-09-25,54.63687595082545
2008-09-26,52.645926131336864
2008-09-29,50.189476009091216
2008-09-30,53.59248437698834
2008-10-01,52.57077915095382
2008-10-02,50.57969441563601
2008-10-03,51.35712334051341
2008-10-06,48.935317905668576
2008-10-07,52.28223558224738
2008-10-08,50.616216252712675
2008-10-09,50.291177059520656
2008-10-10,48.186458178677846
2008-10-13,63.35564781289802
2008-10-14,60.32064828315363
2008-10-15,57.545416821253525
2008-10-16,77.7584719020936
2008-10-17,76.64292536250284
2008-10-20,74.2082438447005
2008-10-21,71.27575005836216
2008-10-22,68.64624337814564
2008-10-23,69.18574710658912
2008-10-24,67.65512947112833
2008-10-27,73.03474967410848
2008-10-28,70.19752718138167
2008-10-29,66.90664262286869
2008-10-30,75.12660472893756
2008-10-31,75.48640903176863
2008-11-03,72.1439012435859
2008-11-04,68.67247326352516
2008-11-05,68.04130586713914
2008-11-06,66.09070399951283
2008-11-07,74.92637974210973
2008-11-10,71.50208807619734
2008-11-11,68.04796792834557
2008-11-12,67.79546340509245
2008-11-13,67.7439084664747
2008-11-14,65.36262152488267
2008-11-17,62.494006797133196
2008-11-18,59.49168033659497
2008-11-19,59.05229900643779
2008-11-20,56.73121585014436
2008-11-21,60.07987703440308
2008-11-24,57.98037581626768
2008-11-25,72.23210574840796
2008-11-26,71.55904388840042
2008-11-28,70.52557055044801
2008-12-01,69.14264561753184
2008-12-02,65.80590722806544
2008-12-03,65.78833253642613
2008-12-04,64.04838637002074
2008-12-05,61.280324471312106
2008-12-08,99.76072140667198
2008-12-09,101.76451502824884
2008-12-10,96.78461001134305
2008-12-11,92.16489686452032
2008-12-12,100.13107190276132
2008-12-15,96.08513601191511
2008-12-16,95.77266462279248
2008-12-17,97.01304921476039
2008-12-18,92.24508840248777
2008-12-19,89.83880867489493
2008-12-22,85.8139164258671
2008-12-23,83.55841108291719
2008-12-24,87.63379547199463
2008-12-26,84.11043881862776
2008-12-29,80.64491957990822
2008-12-30,76.91933299900813
2008-12-31,74.57659759310712
2009-01-02,71.37831197317057
2009-01-05,110.17941214058749
2009-01-06,109.25351043355384
2009-01-07,108.28316493436019
2009-01-08,106.40762184337112
2009-01-09,107.22185219607765
2009-01-12,102.14704494145876
2009-01-13,98.61685363892794
2009-01-14,96.98229699640498
2009-01-15,92.62842142594323
2009-01-16,88.06328568086954
2009-01-20,84.60309724214626
2009-01-21,84.28335219612602
2009-01-22,81.68883652788118
2009-01-23,82.98451350735901
2009-01-26,79.29470120433069
2009-01-27,91.10695102450438
2009-01-28,102.34844940710674
2009-01-29,97.28605744775535
2009-01-30,92.5248782972231
2009-02-02,88.67884697283793
2009-02-03,85.39175927845235
2009-02-04,81.21959888959663
2009-02-05,77.44640724195949
2009-02-06,73.70062256955701
2009-02-09,70.3636694710527
2009-02-10,72.74748702853714
2009-02-11,70.62675415448419
2009-02-12,69.47357515787228
2009-02-13,73.08311585226734
2009-02-17,80.81329440981234
2009-02-18,87.87684290510676
2009-02-19,83.63142538980757
2009-02-20,86.65999433185837
2009-02-23,82.4272789782126
2009-02-24,79.12092111357076
2009-02-25,76.36869873624919
2009-02-26,76.90576487375336
2009-02-27,79.17036667983449
2009-03-02,75.73202601797088
2009-03-03,74.80018202470077
2009-03-04,71.16020652165241
2009-03-05,76.68410599110139
2009-03-06,74.9757151213644
2009-03-09,72.1268640226698
2009-03-10,69.56746060073668
2009-03-11,66.34333761338478
2009-03-12,66.12508119922417
2009-03-13,63.975301071896915
2009-03-16,68.06158057054317
2009-03-17,65.43244442180402
2009-03-18,64.02602846143567
2009-03-19,61.034938518340354
2009-03-20,64.81353231223842
2009-03-23,62.84525543393876
2009-03-24,64.52511733675667
2009-03-25,61.61481120485735
2009-03-26,58.661635283908964
2009-03-27,55.98185345527007
2009-03-30,54.2967319233546
2009-03-31,54.47278827305742
2009-04-01,59.750809840113426
2009-04-02,56.93466686993214
2009-04-03,73.14423686178182
2009-04-06,69.69965651940157
2009-04-07,66.42759640589543
2009-04-08,63.28056431422806
2009-04-09,61.672212359876625
2009-04-13,58.75002545323539
2009-04-14,57.93568455980416
2009-04-15,56.50230302081221
2009-04-16,54.2807737598774
2009-04-17,51.91131279857667
2009-04-20,49.48428454825167
2009-04-21,54.99801530213671
2009-04-22,52.52194881341351
2009-04-23,50.080531604088144
2009-04-24,47.78071071198995
2009-04-27,49.45904030726578
2009-04-28,49.747260162202316
2009-04-29,47.413607674978365
2009-04-30,47.67061200173455
2009-05-01,45.44942101179433
2009-05-04,45.37978112417646
2009-05-05,45.365754720324496
2009-05-06,43.279248283234935
2009-05-07,44.5556001386379
2009-05-08,44.50338472541791
2009-05-11,42.7903879200507
2009-05-12,40.83261376000638
2009-05-13,39.21902203470284
2009-05-14,37.53966671026945
2009-05-15,36.24427054259491
2009-05-18,34.65035502584609
2009-05-19,33.17023875079704
2009-05-20,32.132448587181365
2009-05-21,34.75143948249057
2009-05-22,34.44592355936101
2009-05-26,33.38931258818736
2009-05-27,32.064720685222035
2009-05-28,35.38593352097199
2009-05-29,37.71117618583206
2009-06-01,37.697821065960966
2009-06-02,37.84620625825762
2009-06-03,36.91874434328502
2009-06-04,36.985301233013665
2009-06-05,36.95186141733246
2009-06-08,35.317493286629684
2009-06-09,33.79859425556233
2009-06-10,33.609773706469504
2009-06-11,33.88756717742995
2009-06-12,33.356762281582334
2009-06-15,32.80206292258402
2009-06-16,34.74941277876075
2009-06-17,35.9940609729705
2009-06-18,36.12398281538918
2009-06-19,35.192994838142724
2009-06-22,33.82224960754633
2009-06-23,44.641936742757515
2009-06-24,42.60626200468783
2009-06-25,43.273002159371124
2009-06-26,41.34777428288652
2009-06-29,39.81264929964611
2009-06-30,39.656966059420135
2009-07-01,39.60757903859341
2009-07-02,37.91757569385629
2009-07-06,41.40936045371974
2009-07-07,44.1624903384368
2009-07-08,43.90113513768463
2009-07-09,44.37630820410737
2009-07-10,42.573572094321364
2009-07-13,41.100074635335694
2009-07-14,39.268163111601176
2009-07-15,41.52300403087287
2009-07-16,40.06520727080482
2009-07-17,38.69169931910786
2009-07-20,38.68157032418614
2009-07-21,37.81223202646325
2009-07-22,37.300855020076135
2009-07-23,35.909584731060974
2009-07-24,39.346211463449215
2009-07-27,37.924457235235316
2009-07-28,36.80266725127722
2009-07-29,36.273459514858494
2009-07-30,39.912025516680174
2009-07-31,43.709025896967205
2009-08-03,42.557934855956184
2009-08-04,44.72123413866128
2009-08-05,43.05128656374945
2009-08-06,41.22527363600465
2009-08-07,39.36980628626989
2009-08-10,37.69981595390565
2009-08-11,36.13857520602802
2009-08-12,37.57536149721473
2009-08-13,39.28631417120813
2009-08-14,37.56934872775493
2009-08-17,39.409036545818275
2009-08-18,41.963420808498185
2009-08-19,40.048617309574084
2009-08-20,47.368028800822856
2009-08-21,45.55105342508622
2009-08-24,43.4430308491086
2009-08-25,41.629174576621445
2009-08-26,40.582330901387905
2009-08-27,41.89198198822454
2009-08-28,39.98541341029572
2009-08-31,40.65893271624312
2009-09-01,46.59024696134435
2009-09-02,44.46278810500467
2009-09-03,43.25357832010533
2009-09-04,41.70874502237028
2009-09-08,40.41727801551526
2009-09-09,45.27400323063848
2009-09-10,43.33451300657821
2009-09-11,41.73914687321728
2009-09-14,39.86803475959075
2009-09-15,40.316707016782864
2009-09-16,38.603290376836966
2009-09-17,39.397239083009325
2009-09-18,42.94141750732041
2009-09-21,41.38942330181831
2009-09-22,43.509352555549626
2009-09-23,42.82484118105675
2009-09-24,43.78596181708767
2009-09-25,45.433974883228984
2009-09-28,43.439283664328606
2009-09-29,41.8657029211234
2009-09-30,40.41814101315862
2009-10-01,39.525678631663084
2009-10-02,38.84712715042479
2009-10-05,37.39368781200547
2009-10-06,36.902551394890075
2009-10-07,42.16954464975753
2009-10-08,40.72608303803174
2009-10-09,39.27826408683243
2009-10-12,38.091507594464666
2009-10-13,37.41652139898826
2009-10-14,35.75394685500658
2009-10-15,35.31505450283027
2009-10-16,34.348599028186364
2009-10-19,34.11113929309801
2009-10-20,33.59366482033379
2009-10-21,32.382556932352344
2009-10-22,31.889602008138702
2009-10-23,30.754715038254744
2009-10-26,29.760276188860818
2009-10-27,29.663160148348624
2009-10-28,28.47575048417385
2009-10-29,29.163052518061193
2009-10-30,30.783919775535622
2009-11-02,32.876617325738025
2009-11-03,31.71816612106413
2009-11-04,30.385154408458824
2009-11-05,33.029822856423216
2009-11-06,31.644797910623957
2009-11-09,34.21772886023729
2009-11-10,34.31721577859748
2009-11-11,32.84086757302539
2009-11-12,31.445099084027067
2009-11-13,32.28064277077573
2009-11-16,31.015478773833127
2009-11-17,33.07462679112431
2009-11-18,31.67948615176416
2009-11-19,31.29973293590177
2009-11-20,32.98406771063933
2009-11-23,32.046676398247
2009-11-24,34.42365044046819
2009-11-25,37.353184890371935
2009-11-27,36.47510911253345
2009-11-30,35.068782287627926
2009-12-01,35.249086715388046
2009-12-02,34.135651440596966
2009-12-03,34.39589917881708
2009-12-04,33.24682801388719
2009-12-07,31.821647968297732
2009-12-08,32.049979198884984
2009-12-09,31.750640888705732
2009-12-10,31.5998574394107
2009-12-11,35.34353338239288
2009-12-14,34.309808476238985
2009-12-15,33.648791362058574
2009-12-16,32.207659554156606
2009-12-17,33.5217118438292
2009-12-18,34.94480586340602
2009-12-21,33.631875866165025
2009-12-22,32.66281070855044
2009-12-23,32.15709970511292
2009-12-24,34.04036580094737
2009-12-28,33.54741670489095
2009-12-29,33.317028955292784
2009-12-30,31.88675580038835
2009-12-31,31.09171617222567
2010-01-04,29.832653303393307
2010-01-05,29.396198052396954
2010-01-06,28.21752728420534
2010-01-07,27.551718643920292
2010-01-08,26.567133764918054
2010-01-11,25.741165896852824
2010-01-12,24.763356528443023
2010-01-13,24.31645910794342
2010-01-14,25.99092088068751
2010-01-15,24.995997251495456
2010-01-19,24.559748677369193
2010-01-20,25.975003045450862
2010-01-21,24.99281160156579
2010-01-22,24.887932238329174
2010-01-25,25.717401131819884
2010-01-26,25.03481674907835
2010-01-27,24.260268662315774
2010-01-28,23.381759063482406
2010-01-29,26.673019781301306
2010-02-01,25.877278494998368
2010-02-02,25.000959792458637
2010-02-03,28.554524750898906
2010-02-04,29.731262767848314
2010-02-05,40.92374185851907
2010-02-08,39.930872301846
2010-02-09,38.29338330346797
2010-02-10,36.9419962966708
2010-02-11,35.30592140865065
2010-02-12,36.14631212660491
2010-02-16,35.05945528142785
2010-02-17,39.90811688562352
2010-02-18,38.107135222349534
2010-02-19,37.94464628338066
2010-02-22,36.28267996748814
2010-02-23,34.68401155793385
2010-02-24,33.34707243685941
2010-02-25,32.08549872729967
2010-02-26,35.01788442486545
2010-03-01,35.714550905225195
2010-03-02,34.20671042645196
2010-03-03,33.871833456016255
2010-03-04,33.14239513015019
2010-03-05,32.10915429254237
2010-03-08,31.738824103728973
2010-03-09,30.45082878420945
2010-03-10,29.212511583522666
2010-03-11,29.42366495098226
2010-03-12,28.713416845920293
2010-03-15,27.558111653091988
2010-03-16,30.08128916419922
2010-03-17,32.20403449901827
2010-03-18,31.20749908802099
2010-03-19,29.928545452087253
2010-03-22,30.592748999421097
2010-03-23,29.382437638503312
2010-03-24,28.897979888645537
2010-03-25,28.633175813173278
2010-03-26,27.70438387271998
2010-03-29,26.939430527405385
2010-03-30,28.290388430916614
2010-03-31,27.297040256000948
2010-04-01,26.74576426682682
2010-04-05,28.853554419353994
2010-04-06,29.582742559542986
2010-04-07,28.531515685509618
2010-04-08,27.587155271098634
2010-04-09,28.637609434847562
2010-04-12,27.488204241302444
2010-04-13,29.763484651072247
2010-04-14,30.328760171038837
2010-04-15,31.944960484785838
2010-04-16,31.149794746549027
2010-04-19,32.11863714552119
2010-04-20,32.348363900667096
2010-04-21,32.305638832330416
2010-04-22,30.956999089474113
2010-04-23,29.66315391317537
2010-04-26,29.6301339659518
2010-04-27,28.60596249647526
2010-04-28,28.206987382083287
2010-04-29,27.69715518435164
2010-04-30,29.298637165017528
2010-05-03,28.343539123092903
2010-05-04,29.077113840205072
2010-05-05,31.73110547411902
2010-05-06,35.22803810250356
2010-05-07,35.96374716367712
2010-05-10,41.38469220532468
2010-05-11,40.68396336734263
2010-05-12,39.21635828786066
2010-05-13,37.50718659523999
2010-05-14,36.074294522880535
2010-05-17,39.15398721982173
2010-05-18,40.88631648719945
2010-05-19,39.813091979647
2010-05-20,43.66222291570919
2010-05-21,44.54903918502549
2010-05-24,42.901250953345205
2010-05-25,41.35479469436131
2010-05-26,43.10006501171347
2010-05-27,47.39142321314
2010-05-28,49.23958254111271
2010-06-01,47.088971130344476
2010-06-02,44.89674815081245
2010-06-03,42.876583685621725
2010-06-04,40.96254835827875
2010-06-07,40.05094372827655
2010-06-08,38.5968170200366
2010-06-09,36.92720501923008
2010-06-10,38.223676232519125
2010-06-11,36.73592111151835
2010-06-14,35.80528172328391
2010-06-15,36.156753649079995
2010-06-16,34.57751365707658
2010-06-17,33.460217043683194
2010-06-18,33.14253105100201
2010-06-21,31.87389906733131
2010-06-22,31.80655295340079
2010-06-23,30.605585413294545
2010-06-24,34.46334348186007
2010-06-25,32.9709151523633
2010-06-28,32.2018606172213
2010-06-29,30.947433676473686
2010-06-30,33.58801911876428
2010-07-01,32.45539449815014
2010-07-02,37.61257846005111
2010-07-06,35.93844608449187
2010-07-07,35.422236227458995
2010-07-08,33.88371550732987
2010-07-09,33.97086568347907
2010-07-12,32.736457532553615
2010-07-13,31.843612830998563
2010-07-14,33.21867224147347
2010-07-15,31.80726661561486
2010-07-16,31.301225551867322
2010-07-19,29.9872274909169
2010-07-20,29.09769526928418
2010-07-21,27.91387738217896
2010-07-22,27.058922129870417
2010-07-23,28.35498949130571
2010-07-26,27.302437805984365
2010-07-27,26.486708602166637
2010-07-28,29.589823513141468
2010-07-29,29.225560429155017
2010-07-30,30.413808551398734
2010-08-02,29.96969683071252
2010-08-03,39.06718837153434
2010-08-04,38.49867137659767
2010-08-05,36.782161096403804
2010-08-06,35.52884015842721
2010-08-09,35.3184509370841
2010-08-10,33.79993917041586
2010-08-11,33.851834905006804
2010-08-12,34.7998122728619
2010-08-13,34.1512494685196
2010-08-16,34.057094771946296
2010-08-17,32.81765697161385
2010-08-18,34.244776865528735
2010-08-19,34.419208127206936
2010-08-20,32.97763503171273
2010-08-23,32.8215353857836
2010-08-24,31.54482721697786
2010-08-25,34.517225645735536
2010-08-26,33.02492886452232
2010-08-27,40.08372683163629
2010-08-30,38.48451679579281
2010-08-31,37.163892617829724
2010-09-01,35.69798053304226
2010-09-02,34.13153377167439
2010-09-03,32.900448708430524
2010-09-07,31.496799256490494
2010-09-08,30.51662222076231
2010-09-09,31.058625991420502
2010-09-10,29.841125249376667
2010-09-13,28.699818405711152
2010-09-14,28.15018683860516
2010-09-15,27.101660908626563
2010-09-16,26.190007865019776
2010-09-17,25.29947699551632
2010-09-20,26.011355122463954
2010-09-21,27.73499507704649
2010-09-22,26.961594379805216
2010-09-23,27.50201859400436
2010-09-24,26.512670889553053
2010-09-27,26.225159755201595
2010-09-28,26.027091060092662
2010-09-29,26.450763222968703
2010-09-30,25.532907919104492
2010-10-01,27.21511246446141
2010-10-04,28.3937681517084
2010-10-05,27.547304597380577
2010-10-06,26.463485746716476
2010-10-07,27.074044997216784
2010-10-08,27.16074512926402
2010-10-11,26.113258330400235
2010-10-12,25.56347282562832
2010-10-13,24.605438927878104
2010-10-14,24.365236547035394
2010-10-15,23.642010201577108
2010-10-18,24.706005902429286
2010-10-19,23.86801111018991
2010-10-20,24.083567004107284
2010-10-21,23.41564486392456
2010-10-22,22.72702935511083
2010-10-25,22.191451093682105
2010-10-26,22.446732843266485
2010-10-27,22.034383272325144
2010-10-28,22.780131762724693
2010-10-29,24.048668391799964
2010-11-01,23.381454855309087
2010-11-02,24.268734710339647
2010-11-03,23.642708048477374
2010-11-04,23.034370585186835
2010-11-05,23.6794426783886
2010-11-08,22.853282349674924
2010-11-09,22.06085671983086
2010-11-10,21.704799134459336
2010-11-11,20.986993080791684
2010-11-12,20.32757493912289
2010-11-15,22.695726553576538
2010-11-16,22.17860284133758
2010-11-17,23.14206673896789
2010-11-18,22.640242139005714
2010-11-19,21.9295461732578
2010-11-22,21.441502112531253
2010-11-23,21.335103207550905
2010-11-24,20.64072890338613
2010-11-26,23.433599208060784
2010-11-29,22.633591360267964
2010-11-30,22.68850823218133
2010-12-01,21.909163651892122
2010-12-02,25.256588999430928
2010-12-03,24.663129128634157
2010-12-06,24.658712283273125
2010-12-07,23.932332590724087
2010-12-08,23.221183622119028
2010-12-09,23.12064621349757
2010-12-10,22.322982483055842
2010-12-13,21.682553092481484
2010-12-14,21.419765538862535
2010-12-15,20.74501952694304
2010-12-16,20.392885870739992
2010-12-17,19.81646823703262
2010-12-20,19.226922783904783
2010-12-21,18.698672348402276
2010-12-22,20.369564552931184
2010-12-23,19.849238347534925
2010-12-27,19.258406167825193
2010-12-28,18.950271528091704
2010-12-29,18.53794636090141
2010-12-30,18.04080665033196
2010-12-31,18.40574722155757
2011-01-03,18.27082151751112
2011-01-04,22.0059510145181
2011-01-05,24.343765898882577
2011-01-06,24.681211610836307
2011-01-07,23.781735276469497
2011-01-10,23.22968707141511
2011-01-11,22.739947320314176
2011-01-12,23.56095907007938
2011-01-13,23.26987438244475
2011-01-14,22.448241887637575
2011-01-18,21.680397438874422
2011-01-19,20.965527731212276
2011-01-20,20.47380212820337
2011-01-21,22.58159994272597
2011-01-24,21.963120856784773
2011-01-25,21.234775561836035
2011-01-26,20.548094491986337
2011-01-27,20.26235865312145
2011-01-28,19.742924113961802
2011-01-31,19.345082759290207
2011-02-01,20.899871435813548
2011-02-02,21.31145782797523
2011-02-03,21.019838078589476
2011-02-04,20.413613033451856
2011-02-07,22.622035379361222
2011-02-08,21.84236568461509
2011-02-09,21.143084903483153
2011-02-10,20.885164962831247
2011-02-11,20.384791794752406
2011-02-14,20.169422033580215
2011-02-15,24.571829632470592
2011-02-16,23.878489857723242
2011-02-17,23.048455139765895
2011-02-18,22.431666809574363
2011-02-22,22.48609833667827
2011-02-23,30.217606307472582
2011-02-24,31.69889241571645
2011-02-25,35.075923454528905
2011-02-28,35.173386451492156
2011-03-01,33.79195187115268
2011-03-02,32.6260398352357
2011-03-03,34.478606829748344
2011-03-04,34.59348937904291
2011-03-07,33.49327436015843
2011-03-08,32.23212401877662
2011-03-09,35.753890922112355
2011-03-10,36.199098995061476
2011-03-11,34.94668124178975
2011-03-14,33.42332046939952
2011-03-15,32.36353102849044
2011-03-16,32.02169124257084
2011-03-17,30.677269056512806
2011-03-18,32.36271018521985
2011-03-21,30.989599070938002
2011-03-22,29.85679721969079
2011-03-23,28.760576084460997
2011-03-24,27.597059247412147
2011-03-25,26.530198564646007
2011-03-28,25.501896877942453
2011-03-29,24.609234695969697
2011-03-30,23.76368157922991
2011-03-31,22.93810157849478
2011-04-01,23.036312986441526
2011-04-04,23.21356684574211
2011-04-05,23.082791407417158
2011-04-06,24.78058454929864
2011-04-07,23.86399512485602
2011-04-08,23.01160259367175
2011-04-11,25.678837655565395
2011-04-12,24.7067300465954
2011-04-13,31.11811906373052
2011-04-14,30.2635521930656
2011-04-15,29.010495822002273
2011-04-18,28.732091474745502
2011-04-19,29.928044948019405
2011-04-20,28.735841299114927
2011-04-21,29.751236789419274
2011-04-26,28.646023757521803
2011-04-27,27.689379498388877
2011-04-28,26.622278311003804
2011-05-02,26.305221557708364
2011-05-03,25.2907817220762
2011-05-04,26.413368383793916
2011-05-05,27.219175306360903
2011-05-06,47.57239854899878
2011-05-09,45.93506350080936
2011-05-10,43.86025835452833
2011-05-11,45.93326583305085
2011-05-12,44.73108069100817
2011-05-13,44.29510619361402
2011-05-16,42.25860857415601
2011-05-17,40.40569925054577
2011-05-18,42.91943152273451
2011-05-19,43.09599050611417
2011-05-20,41.201872760946394
2011-05-23,40.24266130678387
2011-05-24,38.75236335772954
2011-05-25,38.36900055359585
2011-05-26,37.52571544495197
2011-05-27,35.928328051185275
2011-05-31,34.36544999574448
2011-06-01,34.203122271398826
2011-06-02,33.01982786820401
2011-06-03,32.57718602529348
2011-06-06,31.343741503382066
2011-06-07,30.04728320376645
2011-06-08,28.949834057228163
2011-06-09,29.25002473351959
2011-06-10,28.675511589046916
2011-06-13,27.999763217258927
2011-06-14,27.76451629084191
2011-06-15,26.671377284015417
2011-06-16,34.69665886622011
2011-06-17,33.18713961069374
2011-06-20,32.03806507910803
2011-06-21,31.401915170948552
2011-06-22,30.09886295630246
2011-06-23,29.57466476007754
2011-06-24,36.64296151319056
2011-06-27,38.44828658965235
2011-06-28,36.74710996084019
2011-06-29,37.58145661452442
2011-06-30,39.71897175735153
2011-07-01,37.93505736650719
2011-07-05,37.198583925663335
2011-07-06,38.34927675689239
2011-07-07,36.65511438262513
2011-07-08,38.432517545676745
2011-07-11,36.71308128561033
2011-07-12,35.09159072682863
2011-07-13,33.55978613561338
2011-07-14,32.39916791711641
2011-07-15,31.358536440415573
2011-07-18,30.15153649118013
2011-07-19,29.22529196151014
2011-07-20,28.379286475139864
2011-07-21,27.26418597868464
2011-07-22,26.222509836012964
2011-07-25,25.368048347589063
2011-07-26,24.608513342713383
2011-07-27,23.711170955468848
2011-07-28,22.874273382336508
2011-07-29,22.08317831724874
2011-08-01,23.290090972302924
2011-08-02,22.52490138780569
2011-08-03,21.812746858452147
2011-08-04,23.215878157609904
2011-08-05,27.108255084220612
2011-08-08,29.94282430249632
2011-08-09,33.794892941374634
2011-08-10,32.42951643524555
2011-08-11,31.059644538672188
2011-08-12,34.701035154668446
2011-08-15,33.21897918505639
2011-08-16,31.93397875805332
2011-08-17,30.762526336568
2011-08-18,30.322336937763584
2011-08-19,31.978915859446865
2011-08-22,30.91982504711579
2011-08-23,29.73918944293904
2011-08-24,29.23951482411783
2011-08-25,28.799508966625442
2011-08-26,27.634115787888756
2011-08-30,26.576942498161436
2011-08-31,28.987219763388243
2011-09-01,28.02749488238635
2011-09-02,26.910827443249207
2011-09-06,25.96113242241393
2011-09-07,27.365406076143184
2011-09-08,31.47232338096443
2011-09-09,30.202179051752115
2011-09-12,31.374842647151457
2011-09-13,30.102030477932022
2011-09-14,29.014230009058593
2011-09-15,28.170337948973962
2011-09-16,30.864227617674516
2011-09-19,29.64652577755627
2011-09-20,31.824845904602
2011-09-21,31.092164957826906
2011-09-22,29.79955453919576
2011-09-23,35.98615439710399
2011-09-26,34.40534024039882
2011-09-27,33.42043175700867
2011-09-28,32.749759932580794
2011-09-29,31.699123895280497
2011-09-30,31.07113654972085
2011-10-03,30.747106293116538
2011-10-04,30.667145535906297
2011-10-05,30.583187653024368
2011-10-06,30.607073214571862
2011-10-07,29.45034343139185
2011-10-10,29.87141117430832
2011-10-11,31.378532556995893
2011-10-12,30.09157388541578
2011-10-13,31.954886518244525
2011-10-14,30.603174899779546
2011-10-17,30.339096897993446
2011-10-18,29.723822148897984
2011-10-19,28.75154639171113
2011-10-20,27.632694071746496
2011-10-21,29.20180024733292
2011-10-24,30.135729593624465
2011-10-25,28.890394097011562
2011-10-26,27.770521634942448
2011-10-27,27.683676602949912
2011-10-28,27.91098508387071
2011-10-31,28.86139697709092
2011-11-01,28.59536890775505
2011-11-02,28.246611411105665
2011-11-03,31.87894577426204
2011-11-04,30.534639886628906
2011-11-07,29.892073773036167
2011-11-08,30.523807726071972
2011-11-09,29.450907323596056
2011-11-10,28.286986156671727
2011-11-11,28.43922924840023
2011-11-14,27.660317626101218
2011-11-15,27.757066637135292
2011-11-16,26.828510918181863
2011-11-17,25.782300592039974
2011-11-18,27.435241913701198
2011-11-21,27.144497147672546
2011-11-22,27.413190200405683
2011-11-23,27.473256457812468
2011-11-25,26.750802532015438
2011-11-28,25.955977676117758
2011-11-29,28.869018013845814
2011-11-30,28.813652174769306
2011-12-01,27.648619411077462
2011-12-02,28.5943997437185
2011-12-05,27.620206049570367
2011-12-06,26.63197496191793
2011-12-07,25.598932476139645
2011-12-08,24.635301098844668
2011-12-09,25.12841186226061
2011-12-12,24.241062291689943
2011-12-13,23.363662719264155
2011-12-14,23.35299252117597
2011-12-15,27.598926445924953
2011-12-16,27.104715156371473
2011-12-19,26.169211664376878
2011-12-20,25.27142273801012
2011-12-21,28.31037395086379
2011-12-22,27.182581033148345
2011-12-23,26.440282448072573
2011-12-28,25.442396578828703
2011-12-29,25.72222183469095
2011-12-30,24.9375478631877
2012-01-03,24.556966166534796
2012-01-04,27.02155169679819
2012-01-05,27.619715434936197
2012-01-06,26.535004512224987
2012-01-09,26.483177872044056
2012-01-10,25.773439959606637
2012-01-11,26.49341887454791
2012-01-12,26.462051184058733
2012-01-13,26.004997790874334
2012-01-17,28.418171752404948
2012-01-18,27.410513855830516
2012-01-19,26.548842857617956
2012-01-20,25.556354577216766
2012-01-23,25.04665462804828
2012-01-24,24.445449506185536
2012-01-25,24.062036230639734
2012-01-26,23.189864798873398
2012-01-27,22.50658066603918
2012-01-30,22.549762182171104
2012-01-31,21.81454153880484
2012-02-01,21.088190835985134
2012-02-02,21.625153070802018
2012-02-03,21.389263020073265
2012-02-06,21.74079924542242
2012-02-07,24.2278381474874
2012-02-08,23.993498187207464
2012-02-09,23.15139780341272
2012-02-10,22.841214581496196
2012-02-13,22.084305815881613
2012-02-14,21.456587364829417
2012-02-15,20.84389399131267
2012-02-16,21.583514734381897
2012-02-17,21.057874271151153
2012-02-21,20.431970714289392
2012-02-22,19.80425502837512
2012-02-23,21.026708180187523
2012-02-24,21.073719294922046
2012-02-27,20.431814537341594
2012-02-28,20.63084762148187
2012-02-29,22.14415027441144
2012-03-01,22.56396271905584
2012-03-02,25.61134189900881
2012-03-05,24.644169415245866
2012-03-06,23.881614705687063
2012-03-07,23.914848171427266
2012-03-08,23.077437279741005
2012-03-09,24.254504001669098
2012-03-12,23.370107763164803
2012-03-13,22.77230242298054
2012-03-14,22.19620936016439
2012-03-15,21.922663207436983
2012-03-16,24.86808355325824
2012-03-19,24.553076773052464
2012-03-20,23.766626108426177
2012-03-21,23.559657112307715
2012-03-22,22.81407138974136
2012-03-23,22.733211224085117
2012-03-26,24.260122686504975
2012-03-27,23.482199158275776
2012-03-28,22.78198825078594
2012-03-29,22.2558482757465
2012-03-30,22.021455821203073
2012-04-02,21.2870611774878
2012-04-03,20.94231072880624
2012-04-04,20.764989154180192
2012-04-05,22.593684985997747
2012-04-10,21.898592046552025
2012-04-11,22.231249951457492
2012-04-12,22.31358323810695
2012-04-13,21.558333866102757
2012-04-16,20.84889829002928
2012-04-17,22.43739185584734
2012-04-18,21.95531439614302
2012-04-19,23.20458047545624
2012-04-20,23.554722844940816
2012-04-23,23.10137212938464
2012-04-24,23.082382527678575
2012-04-25,22.669595279214583
2012-04-26,21.9295491621971
2012-04-27,22.45763646288657
2012-04-30,21.690582836228327
2012-05-01,21.154863094222307
2012-05-02,20.764838046875486
2012-05-03,21.748811592085865
2012-05-04,22.165594130718013
2012-05-08,28.046997851812854
2012-05-09,27.44076813761937
2012-05-10,27.006676746743985
2012-05-11,25.981884820627606
2012-05-14,25.004260998603495
2012-05-15,25.22426497421578
2012-05-16,24.399454431439793
2012-05-17,24.56276454436478
2012-05-18,23.772681871346922
2012-05-21,23.650905634512203
2012-05-22,23.184112183397822
2012-05-23,22.574382774508326
2012-05-24,25.352533558616692
2012-05-25,24.42886539331122
2012-05-29,23.692169891465138
2012-05-30,22.896567257560875
2012-05-31,27.871755486281955
2012-06-01,26.761948212778925
2012-06-04,35.850975836188844
2012-06-05,34.57534667425908
2012-06-06,33.34471629046652
2012-06-07,34.01124163998811
2012-06-08,32.98414459657803
2012-06-11,33.85942080533844
2012-06-12,32.75756011114174
2012-06-13,32.93687709211027
2012-06-14,31.697099989980575
2012-06-15,30.663428953406097
2012-06-18,29.5526650690417
2012-06-19,29.978305749607564
2012-06-20,28.747266336852707
2012-06-21,28.874164857917528
2012-06-22,35.795632246164985
2012-06-25,34.22414652736753
2012-06-26,32.88325248627559
2012-06-27,32.441733191097484
2012-06-28,32.525871190038444
2012-06-29,31.647820578746117
2012-07-02,34.3357158336239
2012-07-03,33.29193167001931
2012-07-05,38.988657225723955
2012-07-06,38.018424287946274
2012-07-09,39.21092728552566
2012-07-10,38.054378331388875
2012-07-11,36.57490177794887
2012-07-12,34.9594624731708
2012-07-13,33.43764773838722
2012-07-16,34.47642947270814
2012-07-17,32.98670110102168
2012-07-18,33.00727674637379
2012-07-19,32.49865977962172
2012-07-20,32.177623503331944
2012-07-23,31.047447360013724
2012-07-24,32.946102076078255
2012-07-25,31.58603669116212
2012-07-26,30.820924257102845
2012-07-27,31.52239380156898
2012-07-30,30.94302019028487
2012-07-31,29.663287756609847
2012-08-01,28.598032819973096
2012-08-02,27.68438016503486
2012-08-03,26.783793764403786
2012-08-06,27.180601347943817
2012-08-07,26.169572569530253
2012-08-08,27.10468934853901
2012-08-09,26.374835538291375
2012-08-10,25.357133600759184
2012-08-13,24.471245921025492
2012-08-14,24.203991040187926
2012-08-15,23.4692069920765
2012-08-16,23.559475325672206
2012-08-17,22.83772834033244
2012-08-20,22.404973901033088
2012-08-21,21.66477686940842
2012-08-22,21.043685052921177
2012-08-23,20.408592241960672
2012-08-24,20.88706727797551
2012-08-27,21.448322962528664
2012-08-28,22.47240886722224
2012-08-29,22.257239302764773
2012-08-30,21.508895919754274
2012-08-31,20.84092426293016
2012-09-04,21.296278426577846
2012-09-05,21.029593773740213
2012-09-06,21.581364439225297
2012-09-07,21.409724080635673
2012-09-10,21.05777618658137
2012-09-11,20.392565824078755
2012-09-12,20.18042600559627
2012-09-13,19.5661808391778
2012-09-14,19.529981775497728
2012-09-17,19.853498219599377
2012-09-18,19.556964727811128
2012-09-19,23.83948559267091
2012-09-20,31.102475542081308
2012-09-21,30.048648152242173
2012-09-24,29.869754773447806
2012-09-25,30.08151437230186
2012-09-26,29.596748163775445
2012-09-27,29.47918742685613
2012-09-28,30.163646208289375
2012-10-01,28.922297648902717
2012-10-02,28.201574837060946
2012-10-03,27.07758550084916
2012-10-04,29.498172127574957
2012-10-05,28.70640769732709
2012-10-08,28.443261711427205
2012-10-09,27.347893679312683
2012-10-10,27.206314954824144
2012-10-11,27.125755048371218
2012-10-12,26.061084204139085
2012-10-15,25.441865820413025
2012-10-16,24.497700080237983
2012-10-17,23.597217855686058
2012-10-18,23.67291860917836
2012-10-19,23.18178758308866
2012-10-22,22.58470467893723
2012-10-23,24.000761155644575
2012-10-24,24.97825611977304
2012-10-25,24.049684120688404
2012-10-26,23.17868941506572
2012-10-29,23.002222286951945
2012-10-30,22.261928483965278
2012-10-31,21.50583606318541
2012-11-01,20.891148195821753
2012-11-02,20.788337911849204
2012-11-05,22.18130650564387
2012-11-06,22.153338556831287
2012-11-07,26.86680223466681
2012-11-08,26.27293710635415
2012-11-09,25.668270544876332
2012-11-12,25.397750583883045
2012-11-13,25.397277988397924
2012-11-14,25.255410410055934
2012-11-15,24.556277184504278
2012-11-16,23.705108363068373
2012-11-19,27.127467971373378
2012-11-20,29.67202820509467
2012-11-21,28.456919424943816
2012-11-23,27.507894355828327
2012-11-26,26.60128493831964
2012-11-27,25.568600423199506
2012-11-28,24.908405023815835
2012-11-29,24.478791398525498
2012-11-30,25.420361232189038
2012-12-03,24.50155660575693
2012-12-04,23.65860815787382
2012-12-05,23.522859667525537
2012-12-06,23.167076380609608
2012-12-07,22.77904924224466
2012-12-10,22.346426283155736
2012-12-11,22.08191098657563
2012-12-12,21.558931774702838
2012-12-13,23.633365740765832
2012-12-14,22.787880519416802
2012-12-17,22.380741636633243
2012-12-18,21.616789366175226
2012-12-19,21.049412450808312
2012-12-20,20.37578976667947
2012-12-21,19.905110387746145
2012-12-24,20.367821387925222
2012-12-26,20.00306013238961
2012-12-27,21.72903534914949
2012-12-28,21.24274051786684
2012-12-31,20.555155407435926
2013-01-02,20.148388583861966
2013-01-03,21.572957544581463
2013-01-04,20.862546270401538
2013-01-07,20.309867063010607
2013-01-08,19.694128626665922
2013-01-09,19.228404759253788
2013-01-10,18.680354335898965
2013-01-11,18.18229927631168
2013-01-14,21.20720041673905
2013-01-15,20.951229750039154
2013-01-16,20.34031520819677
2013-01-17,20.009196127880724
2013-01-18,19.405949333907383
2013-01-22,19.055285247692776
2013-01-23,18.973179309416956
2013-01-24,18.845957137405367
2013-01-25,18.681618211230937
2013-01-28,18.448168790201517
2013-01-29,17.95657676768695
2013-01-30,18.271497066868374
2013-01-31,17.804317952997582
2013-02-01,17.363850053625857
2013-02-04,16.954279234952008
2013-02-05,16.685727652400157
2013-02-06,16.763415581385345
2013-02-07,16.510742172589502
2013-02-08,16.30248698996459
2013-02-11,17.37581752366516
2013-02-12,17.17159609871591
2013-02-13,16.87384330380251
2013-02-14,16.621407637796885
2013-02-15,16.268060002161235
2013-02-19,16.58901549476698
2013-02-20,16.32349837079011
2013-02-21,16.37737957419946
2013-02-22,18.24403354342724
2013-02-25,17.88962575358208
2013-02-26,17.732336637364902
2013-02-27,18.61868570890874
2013-02-28,18.40570981008157
2013-03-01,17.920918550622208
2013-03-04,19.688006257714544
2013-03-05,19.147482457487243
2013-03-06,18.72008512806295
2013-03-07,18.22826072487419
2013-03-08,17.758742350730707
2013-03-11,18.604651422912895
2013-03-12,18.15444051455118
2013-03-13,17.707360441939095
2013-03-14,17.847746311661155
2013-03-15,17.569649237380986
2013-03-18,17.91161316401663
2013-03-19,17.83262418345341
2013-03-20,18.91596228291826
2013-03-21,19.30434237228112
2013-03-22,20.589574755421395
2013-03-25,19.947709310136197
2013-03-26,19.354746177424325
2013-03-27,18.881863030153
2013-03-28,19.339311525211354
2013-04-01,18.78790350253811
2013-04-02,18.30653887850416
2013-04-03,18.217441740779257
2013-04-04,19.59234696751766
2013-04-05,22.755505470430553
2013-04-08,22.593792799627696
2013-04-09,22.177558610101304
2013-04-10,21.808983540173703
2013-04-11,21.311356330353252
2013-04-12,21.372017049751374
2013-04-15,25.23912338663526
2013-04-16,25.079756905280508
2013-04-17,25.192082620572304
2013-04-18,24.82310890865933
2013-04-19,24.084559253756918
2013-04-22,24.22417567516075
2013-04-23,23.344388626301548
2013-04-24,22.527271826497184
2013-04-25,22.794681123128917
2013-04-26,22.385808676871235
2013-04-29,21.891173045784956
2013-04-30,21.26304125938648
2013-05-01,21.584703156156703
2013-05-02,26.002363900808966
2013-05-03,26.703793508957308
2013-05-06,32.44268016536983
2013-05-07,31.105432312086347
2013-05-08,29.809502180673793
2013-05-09,29.329623969169788
2013-05-10,28.154126122801777
2013-05-13,29.13025272772556
2013-05-14,28.209881525880228
2013-05-15,27.175752397655806
2013-05-16,26.68093862253406
2013-05-17,28.479860326017587
2013-05-20,27.423117244745722
2013-05-21,26.524412097540562
2013-05-22,26.41158794713563
2013-05-23,25.818387718993417
2013-05-24,26.136732464526506
2013-05-28,25.377502182160832
2013-05-29,27.05542116449638
2013-05-30,27.13629096403612
2013-05-31,26.13564168387748
2013-06-03,25.99538141838304
2013-06-04,25.59877226854439
2013-06-05,24.689419057726074
2013-06-06,24.693080933893537
2013-06-07,23.794343267556954
2013-06-10,23.139057368223558
2013-06-11,22.35297452419978
2013-06-12,24.352375566578026
2013-06-13,24.58626685073431
2013-06-14,23.70312551245171
2013-06-17,24.12176286567481
2013-06-18,23.43602745039213
2013-06-19,22.784996621253452
2013-06-20,22.038632688369262
2013-06-21,25.095493732655733
2013-06-24,26.686590739335664
2013-06-25,25.809542980206697
2013-06-26,26.06932587901006
2013-06-27,25.455687176486386
2013-06-28,26.38455180659846
2013-07-01,25.401754711588016
2013-07-02,24.63569678946509
2013-07-03,23.96414717748511
2013-07-05,25.03956786356969
2013-07-08,24.797947224289604
2013-07-09,23.9029416481825
2013-07-10,23.044498283709807
2013-07-11,22.341044127357463
2013-07-12,21.618575835737545
2013-07-15,21.206139882726937
2013-07-16,20.520760545035987
2013-07-17,19.900615505700245
2013-07-18,19.360952964134068
2013-07-19,18.803439307428015
2013-07-22,18.375688691875787
2013-07-23,18.060478632774725
2013-07-24,17.68784994918736
2013-07-25,17.90271759022409
2013-07-26,17.468411383850082
2013-07-29,17.239562341481104
2013-07-30,16.97685284414009
2013-07-31,16.864285723031646
2013-08-01,16.577081770477086
2013-08-02,18.476351221472672
2013-08-05,18.049168719116167
2013-08-06,17.59699480914958
2013-08-07,17.815704668804376
2013-08-08,17.47151396580308
2013-08-09,17.7571133549081
2013-08-12,18.026169801620526
2013-08-13,17.870515867292248
2013-08-14,18.41151464749965
2013-08-15,18.040633525147793
2013-08-16,18.423781756567607
2013-08-19,17.953487169035864
2013-08-20,17.607332006170665
2013-08-21,17.453323561853153
2013-08-22,17.03653760416089
2013-08-23,16.721722191478577
2013-08-26,17.696019863025807
2013-08-27,17.26244168953091
2013-08-28,20.91449836278601
2013-08-29,20.679575768152226
2013-08-30,20.177874819659465
2013-09-03,19.980844146833103
2013-09-04,19.50211437293948
2013-09-05,18.94040745907308
2013-09-06,18.419010328210796
2013-09-09,18.703453730405258
2013-09-10,19.974128290710944
2013-09-11,23.48654304363652
2013-09-12,22.670396188343105
2013-09-13,22.08562740738682
2013-09-16,21.35094944797852
2013-09-17,23.252394959085816
2013-09-18,23.845096873491244
2013-09-19,22.985501632443846
2013-09-20,23.159904373786027
2013-09-23,22.443460155686658
2013-09-24,22.92691838968599
2013-09-25,22.502958372773612
2013-09-26,23.04469895089132
2013-09-27,22.41621866968757
2013-09-30,21.782150982288652
2013-10-01,22.273083442846016
2013-10-02,21.667283973545967
2013-10-03,22.304464842184778
2013-10-04,21.601808551871855
2013-10-07,20.89543727229375
2013-10-08,20.24909913979046
2013-10-09,19.979824757341365
2013-10-10,20.577605823831437
2013-10-11,22.84336264566609
2013-10-14,22.487923389593018
2013-10-15,21.85468470659191
2013-10-16,21.234776687197073
2013-10-17,20.549776612779624
2013-10-18,20.67945312004551
2013-10-21,20.047804521740254
2013-10-22,19.44217943098101
2013-10-23,18.880462699845204
2013-10-24,20.13505914136447
2013-10-25,20.19358723944049
2013-10-28,20.064766398227405
2013-10-29,22.56028677025892
2013-10-30,21.823073409497535
2013-10-31,21.145408998819903
2013-11-01,20.871113195405208
2013-11-04,21.757709408502706
2013-11-05,21.496127578585934
2013-11-06,20.797836368527157
2013-11-07,20.22549849367795
2013-11-08,22.55186424168244
2013-11-11,22.436861396873635
2013-11-12,22.62860458970275
2013-11-13,21.958931159719793
2013-11-14,21.375486022120345
2013-11-15,21.532133399656274
2013-11-18,20.827758225434707
2013-11-19,20.291612959546498
2013-11-20,19.820327935008986
2013-11-21,19.232377307678785
2013-11-22,19.943097707589217
2013-11-25,20.29449856424507
2013-11-26,19.827296403150932
2013-11-27,19.87969325067492
2013-11-29,19.56340624310228
2013-12-02,19.034048526774367
2013-12-03,18.57044080574668
2013-12-04,19.208100168273525
2013-12-05,18.67448498798289
2013-12-06,18.924269939729385
2013-12-09,18.58638229253564
2013-12-10,19.178652670732426
2013-12-11,19.36643486266252
2013-12-12,18.944593186635387
2013-12-13,18.560117855934607
2013-12-16,18.545665805927328
2013-12-17,20.422138322228978
2013-12-18,20.76159438688408
2013-12-19,20.281537477223598
2013-12-20,20.31461982032613
2013-12-23,20.499067713416828
2013-12-24,20.036134833770017
2013-12-26,19.432432807025297
2013-12-27,18.870424293254406
2013-12-30,18.414686353717748
2013-12-31,19.261275348386498
2014-01-02,18.871433543525857
2014-01-03,20.456384988436017
2014-01-06,20.80525995128963
2014-01-07,20.151650096263072
2014-01-08,19.572450201918535
2014-01-09,19.07062782657394
2014-01-10,18.534250806316628
2014-01-13,18.690582933979123
2014-01-14,19.43741409759142
2014-01-15,19.33752207343194
2014-01-16,19.2304675498816
2014-01-17,18.921155189985196
2014-01-20,18.869698059852354
2014-01-21,18.47219381609101
2014-01-22,18.642610653261073
2014-01-23,18.256344834314582
2014-01-24,17.779885476557624
2014-01-27,17.53232704894277
2014-01-28,17.23039725208155
2014-01-29,16.894863563738046
2014-01-30,16.577904342015852
2014-01-31,16.36803758422141
2014-02-03,16.947055373939804
2014-02-04,18.140453460712614
2014-02-05,17.785141428826044
2014-02-06,17.38587628057551
2014-02-07,17.93280708607258
2014-02-10,19.421137115677467
2014-02-11,18.85945435008611
2014-02-12,18.866559604621518
2014-02-13,18.555718364645934
2014-02-14,18.10994582949547
2014-02-18,17.728490908427492
2014-02-19,18.44644427758255
2014-02-20,17.97309382783852
2014-02-21,18.046173998521347
2014-02-24,17.687218980457743
2014-02-25,17.512228014638733
2014-02-26,17.300827261477885
2014-02-27,16.908807687147007
2014-02-28,16.994908091905508
2014-03-03,16.704119274764935
2014-03-04,19.025311390192527
2014-03-05,20.693898980071342
2014-03-06,20.5859709760477
2014-03-07,19.963156172973452
2014-03-10,19.97040281505447
2014-03-11,19.785105891152583
2014-03-12,19.19823742512903
2014-03-13,18.79099153181029
2014-03-14,18.380841590855145
2014-03-17,18.064756826059696
2014-03-18,18.313003673386717
2014-03-19,17.86465787703906
2014-03-20,17.865466275047385
2014-03-21,17.457602688830153
2014-03-24,18.212396130472
2014-03-25,17.97858380385272
2014-03-26,17.603231819476303
2014-03-27,17.942860025382252
2014-03-28,17.723584717887793
2014-03-31,17.28588350484684
2014-04-01,17.20202706030078
2014-04-02,16.85598708771897
2014-04-03,19.753830999411406
2014-04-04,20.326378759227563
2014-04-07,20.826336206137615
2014-04-08,21.37801902939391
2014-04-09,21.080500339779917
2014-04-10,21.514700736273426
2014-04-11,20.861512058402667
2014-04-14,20.218498476939857
2014-04-15,19.645277683415838
2014-04-16,20.016657078245885
2014-04-17,19.570760681023977
2014-04-21,18.998985087656997
2014-04-22,18.47813847794474
2014-04-23,18.734589541129846
2014-04-24,18.227865776763377
2014-04-25,18.60399438155235
2014-04-28,18.149843893993644
2014-04-29,17.79209217436141
2014-04-30,17.63798543329644
2014-05-01,18.13393743142249
2014-05-02,17.666528395431694
2014-05-05,17.593805073677185
2014-05-06,17.166794606418858
2014-05-07,17.61641334695158
2014-05-08,17.2038275823622
2014-05-09,16.80569507977696
2014-05-12,16.43837291416157
2014-05-13,16.102098775782213
2014-05-14,15.872554682027431
2014-05-15,16.24060820697699
2014-05-16,15.935534269001408
2014-05-19,16.37162206144496
2014-05-20,16.04434508834435
2014-05-21,15.906657888243162
2014-05-22,16.115596936697997
2014-05-23,15.934698902843225
2014-05-26,15.966261436840496
2014-05-27,15.69544702916482
2014-05-28,15.452950729611425
2014-05-29,15.558196004365685
2014-05-30,15.732318948087068
2014-06-02,15.855597205995217
2014-06-03,15.567819527075166
2014-06-04,15.464918233912126
2014-06-05,15.220016554212496
2014-06-06,15.280574552022067
2014-06-09,15.38154531473412
2014-06-10,16.15077684756257
2014-06-11,16.995983757588647
2014-06-12,16.824101909839058
2014-06-13,19.2351330749417
2014-06-16,19.096645733684507
2014-06-17,18.58230460213825
2014-06-18,18.231326962648364
2014-06-19,17.772484326728343
2014-06-20,17.729211733677054
2014-06-23,17.526802468796802
2014-06-24,17.589123210682008
2014-06-25,17.164227824880186
2014-06-26,17.240184099684605
2014-06-27,16.879687044906696
2014-06-30,16.506893064617785
2014-07-01,17.618655234323516
2014-07-02,17.218619387332566
2014-07-03,17.094778790203108
2014-07-07,17.570042487341347
2014-07-08,17.203055031505457
2014-07-09,17.490313399772443
2014-07-10,17.491403362098133
2014-07-11,17.345837720867003
2014-07-14,17.07113135841744
2014-07-15,17.396905127114294
2014-07-16,16.984818240543312
2014-07-17,16.856421424907325
2014-07-18,16.69872711565646
2014-07-21,16.341070827482685
2014-07-22,16.093925609970665
2014-07-23,16.121173903932362
2014-07-24,15.875677346887903
2014-07-25,16.370665931791176
2014-07-28,16.74387772549718
2014-07-29,16.414367138913992
2014-07-30,16.11245381743239
2014-07-31,15.993730248961333
2014-08-01,17.23680423757639
2014-08-04,18.253326545997968
2014-08-05,17.78756929670641
2014-08-06,17.79059400752879
2014-08-07,18.376761562241317
2014-08-08,17.912246730929436
2014-08-11,17.759507534921013
2014-08-12,17.321836992917987
2014-08-13,18.958769683175042
2014-08-14,18.610001593531063
2014-08-15,18.9162919962574
2014-08-18,18.39290483459523
2014-08-19,19.869821501742532
2014-08-20,19.341724207010515
2014-08-21,18.79756497395169
2014-08-22,18.34454929356807
2014-08-25,17.894576022192073
2014-08-26,17.52845572379344
2014-08-27,17.105913073094637
2014-08-28,16.7284258463012
2014-08-29,16.417095328533414
2014-09-02,16.175344460953028
2014-09-03,16.491487615851753
2014-09-04,16.42515874405321
2014-09-05,16.145736990901682
2014-09-08,17.882565941497845
2014-09-09,17.43305899676994
2014-09-10,18.490346721748523
2014-09-11,20.200765691899953
2014-09-12,19.593434732325914
2014-09-15,19.03384063673111
2014-09-16,18.504132175057386
2014-09-17,18.576306371527167
2014-09-18,18.12425977079487
2014-09-19,18.22918090407787
2014-09-22,17.761894042806748
2014-09-23,18.713849325644173
2014-09-24,18.404181178999078
2014-09-25,18.017907620152897
2014-09-26,17.84622408275316
2014-09-29,17.417472567851906
2014-10-03,17.252331019744908
2014-10-06,30.4836971433714
2014-10-07,29.234292123397452
2014-10-08,28.0649027041702
2014-10-09,27.187192801834005
2014-10-10,26.13676219848579
2014-10-13,27.007504396908725
2014-10-14,26.38274950339663
2014-10-15,26.66677295854894
2014-10-16,28.907386680848106
2014-10-17,27.735533900157332
2014-10-20,27.51033101043296
2014-10-21,26.890738472608955
2014-10-22,26.1555764937003
2014-10-23,25.99510188958338
2014-10-24,25.13917294829424
2014-10-27,24.197788439942403
2014-10-28,23.419686071537097
2014-10-29,22.595101577486297
2014-10-30,22.992817035915355
2014-10-31,23.59975833164202
2014-11-03,24.02764925722118
2014-11-04,23.490581967846786
2014-11-05,27.828234136438564
2014-11-06,27.052643924325935
2014-11-07,26.440105896432097
2014-11-10,26.188207508870036
2014-11-11,25.254556094004915
2014-11-12,26.96193619044338
2014-11-13,26.114533496052594
2014-11-14,30.020241095993704
2014-11-17,28.826785879597615
2014-11-18,27.98108237415246
2014-11-19,26.946993153847615
2014-11-20,25.895030184976303
2014-11-21,25.010605651130057
2014-11-24,25.895771386226517
2014-11-25,25.01669916074049
2014-11-26,27.085563622661184
2014-11-28,26.073352201039157
2014-12-01,43.50526278295493
2014-12-02,42.100069958923314
2014-12-03,40.20797760404481
2014-12-04,39.01977981709814
2014-12-05,39.03476026592649
2014-12-08,37.451604241489115
2014-12-09,39.677504791175046
2014-12-10,38.02575172907582
2014-12-11,41.899134196280194
2014-12-12,40.05374478552006
2014-12-15,41.20984425097608
2014-12-16,39.61908900509014
2014-12-17,38.431536137746015
2014-12-18,36.88271439771756
2014-12-19,36.26479837328689
2014-12-22,34.667546695237
2014-12-23,33.50195982539361
2014-12-24,32.6204292902428
2014-12-26,31.42004169784252
2014-12-29,30.099873699136232
2014-12-30,29.758213068127954
2014-12-31,34.451368910557996
2015-01-02,33.096363488210955
2015-01-05,31.687384803791964
2015-01-06,49.38781304316731
2015-01-07,47.97959767673097
2015-01-08,46.91602009928046
2015-01-09,44.86170877139667
2015-01-12,46.37618360260037
2015-01-13,44.88696411132968
2015-01-14,46.696673218382976
2015-01-15,45.08447438450873
2015-01-16,46.886087229453864
2015-01-20,44.80544402265812
2015-01-21,43.73334440249859
2015-01-22,41.72174192067784
2015-01-23,40.06692363276518
2015-01-26,38.725563170763145
2015-01-27,37.57446257494026
2015-01-28,36.21896901397412
2015-01-29,35.00174411635288
2015-01-30,33.83199605498965
2015-02-02,33.62121043969806
2015-02-03,51.81410534355353
2015-02-04,54.86646180556372
2015-02-05,52.55602534931436
2015-02-06,50.65375816114067
2015-02-09,48.28057167971298
2015-02-10,46.95822541131075
2015-02-11,45.98318273375844
2015-02-12,48.3947286290393
2015-02-13,51.93505347541094
2015-02-16,59.79136071614458
2015-02-17,57.72128596503161
2015-02-18,55.33195721989035
2015-02-19,52.70301405104673
2015-02-20,52.627051669267054
2015-02-23,53.10680624663101
2015-02-24,51.53294233742809
2015-02-25,49.28066420345154
2015-02-26,47.2007092351909
2015-02-27,46.741047428960215
2015-03-02,44.719458995932065
2015-03-03,43.616322831519106
2015-03-04,41.73306704919835
2015-03-05,42.9748263391443
2015-03-06,41.98869129671058
2015-03-09,41.22206229917475
2015-03-10,39.56097494309864
2015-03-11,44.20945739985693
2015-03-12,42.37642174197989
2015-03-13,40.466711744180095
2015-03-16,41.89432790612059
2015-03-17,47.341718941261966
2015-03-18,45.15550528634283
2015-03-19,43.22115224017401
2015-03-20,41.358984068368095
2015-03-23,40.29302202636254
2015-03-24,38.476803852749775
2015-03-25,36.81256032580178
2015-03-26,35.51996733594206
2015-03-27,41.76829935910752
2015-03-30,40.18858054944285
2015-03-31,43.974297312997436
2015-04-01,42.04727480440518
2015-04-02,43.85535498943265
2015-04-06,41.83745856449022
2015-04-07,39.92984029740215
2015-04-08,41.052542695194205
2015-04-09,40.371460996674486
2015-04-10,38.69677823208867
2015-04-13,37.51836963233129
2015-04-14,35.93654166783518
2015-04-15,34.63732202931085
2015-04-16,35.65297028301833
2015-04-17,34.66840247766806
2015-04-20,34.39372129497076
2015-04-21,32.91818495452269
2015-04-22,32.69823663364169
2015-04-23,31.30369244824719
2015-04-24,35.856418194640845
2015-04-27,34.34505972019808
2015-04-28,32.86929809918194
2015-04-29,31.534608862238734
2015-04-30,31.855166303869876
2015-05-01,30.517341131516584
2015-05-04,29.28929077642513
2015-05-05,28.305919623226412
2015-05-06,27.793164127251845
2015-05-07,27.246508417411068
2015-05-08,27.889423886578513
2015-05-11,28.083978015634365
2015-05-12,28.057853125435834
2015-05-13,31.763403944361006
2015-05-14,31.685849265782963
2015-05-15,30.870445229703243
2015-05-18,30.3414369171636
2015-05-19,29.259845421974134
2015-05-20,30.784813703659164
2015-05-21,29.501259392663442
2015-05-22,29.58171302719417
2015-05-26,28.369651653621
2015-05-27,35.87313500872372
2015-05-28,34.390148495548246
2015-05-29,34.357427100874204
2015-06-01,40.38492018263714
2015-06-02,38.631418771358454
2015-06-03,36.94735055411442
2015-06-04,35.432300038440225
2015-06-05,38.94653613534672
2015-06-08,37.198014193920876
2015-06-09,36.32003424219302
2015-06-10,37.601814068378786
2015-06-11,37.48248728728899
2015-06-12,36.505736261042685
2015-06-15,35.18271139010973
2015-06-16,37.782536497800315
2015-06-17,36.15899310336001
2015-06-18,34.56698712368766
2015-06-19,33.393802511235286
2015-06-22,35.63421397170042
2015-06-23,35.20042533387574
2015-06-24,34.76239678460122
2015-06-25,33.25278445152786
2015-06-26,33.717482015389855
2015-06-29,32.27890044006646
2015-06-30,32.22800413058444
2015-07-01,32.469586248831206
2015-07-02,32.764350325719086
2015-07-03,31.368318926329312
2015-07-06,36.89251883108856
2015-07-07,38.566162596004766
2015-07-08,42.58831987940508
2015-07-09,41.482186800741225
2015-07-10,43.413448604848
2015-07-13,41.43396210396253
2015-07-14,39.55924043865462
2015-07-15,37.96592875718464
2015-07-16,36.2852127002313
2015-07-17,34.68839728572578
2015-07-20,34.13959068082604
2015-07-21,32.661988363262296
2015-07-22,31.56206916068048
2015-07-23,30.42279594934078
2015-07-24,29.64291868178793
2015-07-27,31.261473683167452
2015-07-28,30.0262328264076
2015-07-29,28.84607459999609
2015-07-30,27.9090629657854
2015-07-31,27.10318821703442
2015-08-03,27.587552320620013
2015-08-04,44.43878181685032
2015-08-05,42.59466605028429
2015-08-06,40.64931060981534
2015-08-07,40.7631945435536
2015-08-10,39.01545066851703
2015-08-11,37.993451534920055
2015-08-12,37.63021722709121
2015-08-13,37.173120323249314
2015-08-14,35.64854712656405
2015-08-17,34.16897179192364
2015-08-18,32.69173823450222
2015-08-19,32.300248974700416
2015-08-20,33.596964490211775
2015-08-21,32.182922793325645
2015-08-24,36.40925876433689
2015-08-25,43.12388401252812
2015-08-26,41.248212613486736
2015-08-27,39.39530296193876
2015-08-28,48.02962759491247
2015-08-31,58.40037547032411
2015-09-01,55.60570047910958
2015-09-02,53.56409636194972
2015-09-03,52.28926827599355
2015-09-04,56.48029100406098
2015-09-07,56.66504702545496
2015-09-08,58.31443386345787
2015-09-09,60.71918828511426
2015-09-10,58.42515434030946
2015-09-11,55.70421304093486
2015-09-14,53.863181193942424
2015-09-15,52.378763099985505
2015-09-16,49.902717086067405
2015-09-17,58.73257821652934
2015-09-18,56.95476597916503
2015-09-21,55.17439251660993
2015-09-22,52.66235257536248
2015-09-23,51.129443392205
2015-09-24,50.44443433236834
2015-09-25,49.03587807029383
2015-09-28,46.78245779340405
2015-09-29,46.444828024435665
2015-09-30,46.94937220610559
2015-10-01,44.872452977572834
2015-10-02,42.83377902686445
2015-10-05,42.00220439723167
2015-10-06,49.3550077443351
2015-10-07,50.29402055185771
2015-10-08,48.00956460362948
2015-10-09,45.954401405331076
2015-10-12,43.82706470551451
2015-10-13,43.161464251586466
2015-10-14,45.56409948822125
2015-10-15,44.01386830762098
2015-10-16,42.17567225390917
2015-10-19,41.622901911055436
2015-10-20,42.329081123929704
2015-10-21,40.849810504727145
2015-10-22,39.06642362705316
2015-10-23,37.34258186368191
2015-10-26,35.825670947428996
2015-10-27,34.350140663351134
2015-10-28,34.62745561566318
2015-10-29,39.23241607062152
2015-10-30,37.70489695992054
2015-11-02,36.03043245855685
2015-11-03,34.46249536097501
2015-11-04,32.973708631163596
2015-11-05,33.32707483122079
2015-11-06,31.96808700192737
2015-11-09,32.706128448317045
2015-11-10,32.2291068330935
2015-11-11,32.723306825793294
2015-11-12,34.95822177097065
2015-11-13,33.43420503028378
2015-11-16,46.181653533688646
2015-11-17,48.37481743033274
2015-11-18,47.541320903810316
2015-11-19,45.35836512418477
2015-11-20,44.11183329469704
2015-11-23,42.176897158312194
2015-11-24,42.382763318178704
2015-11-25,41.082904782486715
2015-11-26,40.26700572513082
2015-11-27,38.44653715946652
2015-11-30,37.136754923575374
2015-12-01,36.19264481774479
2015-12-02,35.65168051202507
2015-12-03,36.15812497117379
2015-12-04,34.57314634971432
2015-12-07,33.72887576007802
2015-12-08,38.44463956070149
2015-12-09,36.86528346409817
2015-12-10,35.597737472368166
2015-12-11,34.403510863149286
2015-12-14,39.17458710178391
2015-12-15,37.966716896515834
2015-12-16,39.13132606371707
2015-12-17,38.48652152144234
2015-12-18,37.84161277374311
2015-12-21,36.64562834542002
2015-12-22,39.88975487663537
2015-12-23,38.110452126477185
2015-12-24,37.068229675128265
2015-12-25,40.009839963293174
2015-12-28,38.25474973903301
2015-12-29,36.5452212250233
2015-12-30,35.07517440171312
2015-12-31,37.19590906524105
2016-01-01,37.69617695473983
2016-01-04,36.01783946356385
2016-01-05,34.7308160863799
2016-01-06,34.63686271534673
2016-01-07,40.48339471375747
2016-01-08,38.93983883759593
2016-01-11,46.637265522635275
2016-01-12,50.504808389207156
2016-01-13,50.83835628349056
2016-01-14,49.3667406914928
2016-01-15,47.23362799588087
2016-01-18,45.04058007152534
2016-01-19,49.60068696569275
2016-01-20,47.272750789892854
2016-01-21,51.28104529169749
2016-01-22,56.362919483456366
2016-01-25,71.5246562410399
2016-01-26,68.83180374161606
2016-01-27,67.7872609766281
2016-01-28,65.88049732385339
2016-01-29,65.02812954451645
2016-02-01,61.90912212504627
2016-02-02,59.82084492726667
2016-02-03,61.20873661766949
2016-02-04,61.937350583507
2016-02-05,59.20375712725138
2016-02-08,56.71021495098339
2016-02-09,55.08099266845245
2016-02-10,57.41491913615084
2016-02-11,55.30974537907578
2016-02-12,54.417558367157056
2016-02-16,69.97044620201147
2016-02-17,67.4778010024542
2016-02-18,71.49516526213063
2016-02-19,68.01769773297774
2016-02-22,68.67680927308183
2016-02-23,71.16587282741885
2016-02-24,72.15692911133675
2016-02-25,68.92790218616747
2016-02-26,68.46116936746682
2016-02-29,76.86838099754968
2016-03-01,73.13813788149854
2016-03-02,69.62856668639613
2016-03-03,66.78430757358515
2016-03-04,64.12623222327262
2016-03-07,65.62973935077012
2016-03-08,64.85078388656122
2016-03-09,61.73673008395455
2016-03-10,60.20771165179495
2016-03-11,60.71245049780538
2016-03-14,58.55460872542708
2016-03-15,58.26012259364431
2016-03-16,55.96802225720815
2016-03-17,54.43665894314852
2016-03-18,53.01449807644354
2016-03-21,50.50725735091739
2016-03-22,48.73976716389139
2016-03-23,47.03054444572019
2016-03-24,49.404768800266254
2016-03-28,47.538016315304844
2016-03-29,45.3207979886754
2016-03-30,47.7883671846271
2016-03-31,45.55767833780064
2016-04-01,43.447358972099906
2016-04-04,41.696947070801215
2016-04-05,40.12091288512443
2016-04-06,38.386263443238214
2016-04-07,44.061339587268854
2016-04-08,42.81127348942997
2016-04-11,59.81916070968188
2016-04-12,57.81208172505681
2016-04-13,57.36441501910578
2016-04-14,54.68300297322786
2016-04-15,52.12868407188819
2016-04-18,53.368160100417875
2016-04-19,50.95984419639479
2016-04-20,50.95597694627393
2016-04-21,48.558759079069304
2016-04-22,46.47000420850321
2016-04-25,44.611893364094016
2016-04-26,44.00880722319007
2016-04-27,43.27857872616788
2016-04-28,41.356268394406975
2016-04-29,42.26019432954213
2016-05-02,40.329579207563086
2016-05-03,38.54172642414199
2016-05-04,47.275790403662306
2016-05-05,45.07330691013203
2016-05-06,45.26539643669368
2016-05-09,43.22009030742899
2016-05-10,47.77122293075847
2016-05-11,48.73160925390043
2016-05-12,51.333305279998406
2016-05-13,49.03295723793655
2016-05-16,47.140445916422614
2016-05-17,47.154141105966914
2016-05-18,45.00066385096264
2016-05-19,42.965189385925015
2016-05-20,45.35136974186768
2016-05-23,45.83455079758582
2016-05-24,44.41048194903887
2016-05-25,42.826240769238076
2016-05-26,41.08378204609057
2016-05-27,39.69547667420619
2016-05-31,38.15723306243869
2016-06-01,36.482045593088515
2016-06-02,35.17277107191703
2016-06-03,33.70524489619729
2016-06-06,32.735095624170825
2016-06-07,31.609896164775826
2016-06-08,31.260609152907172
2016-06-09,31.291306533322512
2016-06-10,30.01634588454859
2016-06-13,30.066138805326286
2016-06-14,29.034747686856544
2016-06-15,31.540062291303162
2016-06-16,30.519190373447834
2016-06-17,34.79319768165814
2016-06-20,34.545530114419435
2016-06-21,39.18525078534938
2016-06-22,37.77553599050459
2016-06-23,36.164752596789995
2016-06-24,34.61784170533842
2016-06-27,38.54002953116814
2016-06-28,40.60494127283579
2016-06-29,40.76639510891366
2016-06-30,44.310365533808124
2016-07-01,42.42669879019266
2016-07-04,40.70391477145933
2016-07-05,39.01694786557079
2016-07-06,44.63850250177469
2016-07-07,42.579822376696555
2016-07-08,40.69137855718777
2016-07-11,41.65658881845543
2016-07-12,40.13713714347762
2016-07-13,47.545340722376864
2016-07-14,50.26055222418579
2016-07-15,49.89639091303504
2016-07-18,47.60792486406446
2016-07-19,46.39467080863984
2016-07-20,44.37644747112445
2016-07-21,42.343141564854726
2016-07-22,41.38918214166145
2016-07-25,40.35932253893933
2016-07-26,38.91272166457921
2016-07-27,37.24287041415744
2016-07-28,36.67566711823254
2016-07-29,36.59466866165978
2016-08-01,37.34352954999932
2016-08-02,36.40097744182251
2016-08-03,34.866028696043514
2016-08-04,33.74546485178339
2016-08-05,33.84164913738896
2016-08-08,34.84003412908598
2016-08-09,34.37072057574398
2016-08-10,32.90321029224298
2016-08-11,34.237819785260115
2016-08-12,39.712672909973826
2016-08-15,39.060256374428114
2016-08-16,43.58607102182278
2016-08-17,42.64090666919539
2016-08-18,40.790413288354785
2016-08-19,39.839256490184496
2016-08-22,38.05124024317409
2016-08-23,38.56943723833399
2016-08-24,37.288291264348715
2016-08-25,37.45895191412477
2016-08-26,39.43627078012082
2016-08-29,37.85008626182518
2016-08-30,36.16314525308238
2016-08-31,38.56875586075742
2016-09-01,36.841732509321005
2016-09-02,46.26876170024037
2016-09-05,45.10956658723463
2016-09-06,43.70199799329063
2016-09-07,42.04776330274134
2016-09-08,40.90560092199823
2016-09-09,44.83978518410634
2016-09-12,43.63322735626116
2016-09-13,42.01252530149075
2016-09-14,42.411707583426285
2016-09-15,41.42548090536703
2016-09-16,39.576285733469916
2016-09-19,38.29741411044177
2016-09-20,37.4499457804526
2016-09-21,36.80403128702755
2016-09-22,36.00661959332957
2016-09-23,36.57599527980837
2016-09-26,35.35949528345217
2016-09-27,33.83420083276821
2016-09-28,36.84266842288312
2016-09-29,35.643924043494565
2016-09-30,45.30155643974784
2016-10-03,43.25466321694695
2016-10-04,41.414799598429795
2016-10-05,39.569789658881774
2016-10-06,38.46978297322457
2016-10-07,37.1266415043883
2016-10-10,35.61862441507505
2016-10-11,35.405331247985025
2016-10-12,35.347325518284045
2016-10-13,35.05836849523264
2016-10-14,33.62291680443991
2016-10-17,32.46036892005597
2016-10-18,31.349001688208457
2016-10-19,30.389406051397643
2016-10-20,34.8101741308429
2016-10-21,35.96752973383485
2016-10-24,34.41968092060069
2016-10-25,33.27299568841576
2016-10-26,32.643857191393025
2016-10-27,31.273814404346755
2016-10-28,29.988458820775893
2016-10-31,31.78787262922253
2016-11-02,34.5450546802877
2016-11-03,39.02925622864706
2016-11-04,37.579665843261516
2016-11-07,36.97092630261213
2016-11-08,35.44051082523672
2016-11-09,34.58804923877722
2016-11-10,33.36399813403684
2016-11-11,32.02779177722335
2016-11-14,38.56057948725149
2016-11-15,36.90749581631471
2016-11-16,43.64101055225406
2016-11-17,42.74908979101947
2016-11-18,41.166157949328195
2016-11-21,39.34174360628282
2016-11-22,40.939530298978646
2016-11-23,39.10126608451257
2016-11-24,37.59812229687477
2016-11-25,37.29153536441475
2016-11-28,37.81841364428343
2016-11-29,36.26621578561266
2016-11-30,40.42154880808659
2016-12-01,51.22504158085365
2016-12-02,63.92185513265753
2016-12-05,60.839115339932945
2016-12-06,58.52671897900078
2016-12-07,56.477162863000586
2016-12-08,53.92964745121787
2016-12-09,51.4567529253542
2016-12-12,49.31061491318556
2016-12-13,49.669447542128395
2016-12-14,47.787476764777296
2016-12-15,45.57687582512243
2016-12-16,45.44715400145994
2016-12-19,48.528979676607605
2016-12-20,46.61002481817701
2016-12-21,45.33425730333257
2016-12-22,45.451045378141316
2016-12-23,44.278063660541925
2016-12-27,42.25294883193048
2016-12-28,40.32255499808027
2016-12-29,38.49830723170452
2016-12-30,37.81145552080417
2017-01-03,36.126311382657946
2017-01-04,34.540670102903704
2017-01-05,33.33075432478264
2017-01-06,32.08887351381591
2017-01-09,31.67395978684897
2017-01-10,33.13680366360088
2017-01-11,33.506105596249306
2017-01-12,32.25370757470552
2017-01-13,31.85207083414862
2017-01-16,30.53931844992445
2017-01-17,29.28123538214849
2017-01-18,28.262649223411394
2017-01-19,28.353508667605603
2017-01-20,27.761572409714535
2017-01-23,31.244273639107885
2017-01-24,30.021034289002856
2017-01-25,28.80214204039208
2017-01-26,27.83949507138222
2017-01-27,29.85563258656425
2017-01-30,30.20629966030517
2017-01-31,28.960189789700337
2017-02-01,28.069797262395863
2017-02-02,27.316119333389576
2017-02-03,26.262470248558458
2017-02-06,25.253309163799422
2017-02-07,25.57960750496706
2017-02-08,26.972180692234982
2017-02-09,26.47162087275592
2017-02-10,25.77307452737465
2017-02-13,26.933804537436085
2017-02-14,27.536636331055327
2017-02-15,27.339182607304007
2017-02-16,26.508167277578337
2017-02-17,25.764589492279015
2017-02-20,24.923059656941042
2017-02-21,24.869713259721728
2017-02-22,25.643285791127706
2017-02-23,27.706924600070376
2017-02-24,27.720214737412345
2017-02-27,28.4365807394814
2017-02-28,27.29771955333755
2017-03-01,28.69431342468794
2017-03-02,34.366507007709735
2017-03-03,35.65988458786823
2017-03-06,34.099928693393046
2017-03-07,33.03333794263167
2017-03-08,31.64341981222332
2017-03-09,32.539827002287
2017-03-10,39.7289323892049
2017-03-13,37.938942472266355
2017-03-14,36.6234565378498
2017-03-15,35.36066541886155
2017-03-16,35.167427746210436
2017-03-17,33.64189079382854
2017-03-20,32.19244713922245
2017-03-21,30.833623686599598
2017-03-22,30.007511724486047
2017-03-23,29.343285204112767
2017-03-24,28.711024496815575
2017-03-27,27.63088890521444
2017-03-28,26.56443206302391
2017-03-29,26.12268816939296
2017-03-30,25.785183033962493
2017-03-31,26.075712987613887
2017-04-03,25.08396551066636
2017-04-04,24.203039032241655
2017-04-05,25.105629680112067
2017-04-06,24.3252399427208
2017-04-07,23.495700981740768
2017-04-10,23.274962785485567
2017-04-11,22.92777391749067
2017-04-12,22.139263099532858
2017-04-13,21.391013211851895
2017-04-17,20.834763269078664
2017-04-18,20.32434648627427
2017-04-19,27.901205143474005
2017-04-20,26.846058048692527
2017-04-21,30.713171943978736
2017-04-24,30.29088085225422
2017-04-25,29.434649566047334
2017-04-26,28.247331335314012
2017-04-27,27.72627986189549
2017-04-28,27.148420774108644
2017-05-01,26.082907175257308
2017-05-02,26.625152828519134
2017-05-03,27.767178759897366
2017-05-04,27.125044678480748
2017-05-05,29.13973536657741
2017-05-08,27.9712591473821
2017-05-09,28.247857139990952
2017-05-10,27.472038338881717
2017-05-11,28.28584840687697
2017-05-12,29.13079258557996
2017-05-15,27.969387901364957
2017-05-16,34.047887432557964
2017-05-17,32.58881916744148
2017-05-18,31.587186281215303
2017-05-19,30.263632991223655
2017-05-22,30.56721651971854
2017-05-23,29.712953078181776
2017-05-24,28.539263596169413
2017-05-25,27.397938094490332
2017-05-26,28.028867440980093
2017-05-29,30.023154382106686
2017-05-30,31.55421457729667
2017-05-31,33.79223565590452
2017-06-01,34.551903846064306
2017-06-02,34.39262469921217
2017-06-05,38.05059090747596
2017-06-06,36.42314972421434
2017-06-07,34.851876688678885
2017-06-08,34.9702602543076
2017-06-09,34.43713773108574
2017-06-12,33.108691684342396
2017-06-13,32.134665535285436
2017-06-14,30.876583646801343
2017-06-15,33.42799593890787
2017-06-16,32.01646793958459
2017-06-19,30.670030494459738
2017-06-20,29.4763199363462
2017-06-21,35.21762647467395
2017-06-22,34.34537725809672
2017-06-23,32.91154219956347
2017-06-26,31.715771286212437
2017-06-27,30.386536137206672
2017-06-28,36.45122882715516
2017-06-29,34.947184688252584
2017-06-30,33.898526422449514
2017-07-03,32.43707649280378
2017-07-04,37.07558395510713
2017-07-05,35.431482238355
2017-07-06,37.36831439756438
2017-07-07,36.896254783061636
2017-07-10,41.040870761114704
2017-07-11,39.18550089337092
2017-07-12,37.4354526702628
2017-07-13,35.77261445136013
2017-07-14,35.406725661579095
2017-07-17,33.9291677361148
2017-07-18,32.55958731185392
2017-07-19,31.265947947237095
2017-07-20,30.218871926252067
2017-07-21,29.023490259787337
2017-07-24,29.896011614536715
2017-07-25,28.846033157625143
2017-07-26,30.774483011506824
2017-07-27,30.666297018188637
2017-07-28,29.885889317734826
2017-07-31,31.157500192803305
2017-08-01,29.853272207914305
2017-08-02,30.879220904337966
2017-08-03,31.975092495681746
2017-08-04,31.417607007597205
2017-08-07,30.34021618423539
2017-08-08,30.747550184514388
2017-08-09,30.2503631758963
2017-08-10,29.000515961343403
2017-08-11,28.07326805057777
2017-08-14,28.930852882601442
2017-08-15,27.820098063676223
2017-08-16,29.872852592346227
2017-08-17,28.99320206040535
2017-08-18,27.818192046420236
2017-08-21,27.250047352656754
2017-08-22,27.663054549935666
2017-08-23,26.737486790952047
2017-08-24,25.696425104587522
2017-08-25,25.333241430723923
2017-08-28,24.404200665955234
2017-08-29,23.50966342505312
2017-08-30,22.79057404680386
2017-08-31,22.120084764985474
2017-09-01,22.477835366844477
2017-09-04,22.06827988521813
2017-09-05,21.945508283420978
2017-09-06,23.083074906394206
2017-09-07,23.453873489907604
2017-09-08,22.820077233271732
2017-09-11,22.265123604638074
2017-09-12,21.757306734635147
2017-09-13,22.284147775217235
2017-09-14,21.858618733808214
2017-09-15,23.550450906898206
2017-09-18,23.27981332491593
2017-09-19,23.253361043554957
2017-09-20,24.18897650064681
2017-09-21,23.844774883544375
2017-09-22,23.371249582431222
2017-09-25,22.792124429391798
2017-09-26,24.202909427782764
2017-09-27,23.467509062937722
2017-09-28,24.186747103249914
2017-09-29,23.307152656227363
2017-10-02,26.99237462412951
2017-10-03,28.44689645707473
2017-10-04,27.547298709399374
2017-10-05,26.48488720093279
2017-10-06,27.02098579125315
2017-10-09,29.374898490276575
2017-10-10,28.246207677134986
2017-10-11,29.33858352579426
2017-10-12,28.47646259914883
2017-10-13,27.330459484321874
2017-10-16,26.931013528879504
2017-10-17,26.374250490851658
2017-10-18,25.374217228338598
2017-10-19,24.638255716259437
2017-10-20,23.82060389682328
2017-10-23,22.965834381426394
2017-10-24,22.24052179295055
2017-10-25,21.51129036170869
2017-10-26,21.360264935702638
2017-10-27,20.7876282334177
2017-10-30,22.98914673792689
2017-10-31,22.504201950565516
2017-11-01,22.371314704817433
2017-11-02,21.828211602077292
2017-11-03,21.168268439868427
2017-11-06,21.02909498078966
2017-11-07,29.652546039649636
2017-11-08,28.439632727995402
2017-11-09,27.480214583853417
2017-11-10,26.66090646778274
2017-11-13,25.654332098502525
2017-11-14,26.947925878517086
2017-11-15,30.39565129961347
2017-11-16,29.239847875624818
2017-11-17,28.05727937974144
2017-11-20,26.956670635094
2017-11-21,25.90288874279102
2017-11-22,25.905643371727223
2017-11-23,25.35729309303295
2017-11-24,24.5262261825279
2017-11-27,23.72086002018006
2017-11-28,23.026844363313042
2017-11-29,22.324122304675058
2017-11-30,21.59495246423045
2017-12-01,20.958465344689337
2017-12-04,21.664564034540383
2017-12-05,22.639371720526814
2017-12-06,21.858935907476955
2017-12-07,23.10635312644646
2017-12-08,22.3064746672805
2017-12-11,24.25214598972413
2017-12-12,26.665270104341225
2017-12-13,26.119924722243503
2017-12-14,26.99382563144465
2017-12-15,25.938334123037293
2017-12-18,24.951302646875895
2017-12-19,24.456558033614236
2017-12-20,24.281382628469785
2017-12-21,23.99723644806426
2017-12-22,23.16826190999226
2017-12-27,22.356270181563247
2017-12-28,23.89606892214241
2017-12-29,23.65034196922847
2018-01-02,22.81389878187928
2018-01-03,22.034575235637387
2018-01-04,22.877638971913395
2018-01-05,22.878126101995193
2018-01-08,22.69548147041386
2018-01-09,22.130106050072797
2018-01-10,21.751684295804406
2018-01-11,21.550535681745615
2018-01-12,21.16892393813698
2018-01-15,21.117628907769472
2018-01-16,20.90607251005784
2018-01-17,21.241233443736327
2018-01-18,20.619091059970334
2018-01-19,20.05562727885263
2018-01-22,20.53429019208154
2018-01-23,20.536455681635413
2018-01-24,20.149920864249765
2018-01-25,19.54306601070261
2018-01-26,20.50104498517613
2018-01-29,21.057420388571696
2018-01-30,23.53213029591567
2018-01-31,23.160415307347883
2018-02-01,22.345898494556256
2018-02-02,22.292196233707305
2018-02-05,23.07885961552334
2018-02-06,22.319964291613594
2018-02-07,22.637243949751383
2018-02-08,23.109231279865206
2018-02-09,24.91409205506799
2018-02-12,25.757951292564872
2018-02-13,25.648547121573202
2018-02-14,24.772975779721065
2018-02-15,23.985871089346972
2018-02-16,23.49135063844931
2018-02-19,25.041679036374138
2018-02-20,24.546797484952318
2018-02-21,23.743759627013976
2018-02-22,22.903606238341453
2018-02-23,24.022582301451756
2018-02-26,24.029116358744993
2018-02-27,24.010982094343465
2018-02-28,23.310965881032356
2018-03-01,25.045688950858903
2018-03-02,27.786538200170103
2018-03-05,26.68150443028525
2018-03-06,27.91145437823278
2018-03-07,26.81734915927369
2018-03-08,26.152508887753395
2018-03-09,26.801322523069192
2018-03-12,27.49368388351013
2018-03-13,26.889529678207573
2018-03-14,25.974938658394876
2018-03-15,25.404899981095497
2018-03-16,24.447806619518225
2018-03-19,24.67168734576867
2018-03-20,23.774352507571912
2018-03-21,24.430724460310117
2018-03-22,28.0060642995866
2018-03-23,27.467339849015755
2018-03-26,26.382118694223895
2018-03-27,25.42149261723729
2018-03-28,24.504916762357656
2018-03-29,23.89153346403653
2018-04-02,23.80576943362531
2018-04-03,22.949509360811337
2018-04-04,22.148745511836406
2018-04-05,30.237969698686314
2018-04-06,29.187971550808044
2018-04-09,28.00168290967095
2018-04-10,29.347932115507053
2018-04-11,32.85384632033844
2018-04-12,34.28586897586898
2018-04-13,33.97079150096422
2018-04-16,34.42689787125722
2018-04-17,32.93313418126964
2018-04-18,33.05033573775057
2018-04-19,34.25184416153305
2018-04-20,33.51478988939517
2018-04-23,32.11606444370834
2018-04-24,30.76277009514703
2018-04-25,30.60650187233952
2018-04-26,32.27546007308778
2018-04-27,32.511971490750966
2018-04-30,31.132911292229487
2018-05-01,30.03909728801379
2018-05-02,29.638159614556997
2018-05-03,30.578075363878487
2018-05-04,29.36387487120286
2018-05-07,29.339607987858624
2018-05-08,28.141949813531536
2018-05-09,27.30909830913068
2018-05-10,33.952801390277045
2018-05-11,32.48655220084938
2018-05-14,31.14251109395495
2018-05-15,30.212040194282785
2018-05-16,29.310760456977427
2018-05-17,28.516324475748693
2018-05-18,29.616990345623762
2018-05-21,30.296655703617514
2018-05-22,29.044930132898187
2018-05-23,30.48879506931489
2018-05-24,31.093831586771977
2018-05-25,29.81170927019502
2018-05-29,32.000082920333526
2018-05-30,33.47197238570841
2018-05-31,33.16895199736475
2018-06-01,31.921149873949922
2018-06-04,32.96351423633513
2018-06-05,32.436906579559256
2018-06-06,31.250294795405072
2018-06-07,29.999952580750584
2018-06-08,31.45389433027098
2018-06-11,30.146243990718823
2018-06-12,29.12221090386052
2018-06-13,27.982854088150212
2018-06-14,26.890531063408158
2018-06-15,25.926415820951338
2018-06-18,30.851667873220684
2018-06-19,34.83358881370741
2018-06-20,33.31633847873931
2018-06-21,32.20186498407532
2018-06-22,32.17635539711158
2018-06-25,31.221497156588562
2018-06-26,30.461652689013942
2018-06-27,29.58665141558388
2018-06-28,32.52286053712603
2018-06-29,31.150201708353386
2018-07-02,30.69456840725726
2018-07-03,29.794982333784247
2018-07-04,29.08943335366499
2018-07-05,28.7309809474962
2018-07-06,27.572356453826753
2018-07-09,29.72514214289559
2018-07-10,31.351585568952572
2018-07-11,30.33611369303629
2018-07-12,32.97115116912903
2018-07-13,38.06123820684526
2018-07-16,38.59202764844577
2018-07-17,42.20601708946966
2018-07-18,40.297907969064624
2018-07-19,38.56014845362758
2018-07-20,38.00595583289492
2018-07-23,36.3100627062165
2018-07-24,35.96898103670401
2018-07-25,34.38872682010709
2018-07-26,32.90442687715191
2018-07-27,31.931047700232995
2018-07-30,30.640953475536097
2018-07-31,29.375662918855095
2018-08-01,28.71311596866995
2018-08-02,30.259132398816092
2018-08-03,29.313436373610035
2018-08-06,28.30893421433523
2018-08-07,27.172326423319483
2018-08-08,26.148749635890546
2018-08-09,27.41519422345356
2018-08-10,26.363787860786996
2018-08-13,25.506161876087475
2018-08-14,24.69691377875723
2018-08-15,23.797288500875297
2018-08-16,28.358829390590557
2018-08-17,27.78800225158523
2018-08-20,27.395710311755405
2018-08-21,27.08017552121052
2018-08-22,26.24390943355636
2018-08-23,26.625457421799336
2018-08-24,26.04533698844923
2018-08-27,25.39833335232374
2018-08-28,24.441047050494767
2018-08-29,25.342926246268586
2018-08-30,24.402007279584158
2018-08-31,24.24725271178292
2018-09-03,23.37843429497749
2018-09-04,23.14069242545979
2018-09-05,22.420202335409602
2018-09-06,22.306247863748517
2018-09-07,22.521409989139983
2018-09-10,21.768823684516825
2018-09-11,22.33843532752982
2018-09-12,23.295498055840486
2018-09-13,24.897041541525144
2018-09-14,28.042022804934994
2018-09-17,26.944051564254075
2018-09-18,25.964221921761027
2018-09-19,25.700746942447676
2018-09-20,24.73999320795515
2018-09-21,23.96645254360854
2018-09-24,23.119975961249587
2018-09-25,25.21453339622863
2018-09-26,25.421417817449843
2018-09-27,24.558980224755096
2018-09-28,23.749587859504526
2018-10-01,23.855730023232258
2018-10-02,26.17778421261599
2018-10-03,25.439846721459087
2018-10-04,24.50872750501361
2018-10-05,23.832729462458644
2018-10-08,23.627072021971095
2018-10-09,23.388055361308602
2018-10-10,23.13397573099689
2018-10-11,23.644230261928563
2018-10-12,27.03966643188843
2018-10-15,26.28345605993929
2018-10-16,25.289888928432852
2018-10-17,24.46177838833861
2018-10-18,23.883448216236186
2018-10-19,23.120799187199292
2018-10-22,22.309832604572634
2018-10-23,21.551434304613245
2018-10-24,23.53223247686947
2018-10-25,24.187772765442244
2018-10-26,23.310413046632373
2018-10-29,22.489364395246206
2018-10-30,21.732566238852588
2018-10-31,24.178382137971965
2018-11-01,23.94869407386703
2018-11-02,33.13458335431793
2018-11-05,31.73465314334821
2018-11-06,32.08711753762552
2018-11-07,33.70403832211892
2018-11-08,32.4828895904369
2018-11-09,31.63055734814032
2018-11-12,30.372519895227718
2018-11-13,29.597785377988306
2018-11-14,42.12490674667811
2018-11-15,40.43993670624188
2018-11-16,38.95376375689995
2018-11-19,37.29132939272864
2018-11-20,36.68584231340151
2018-11-21,40.542887316932614
2018-11-22,38.71827526933313
2018-11-23,37.244819758193266
2018-11-26,45.172256869859496
2018-11-27,46.03936286786864
2018-11-28,43.91784108163018
2018-11-29,43.96651169907214
2018-11-30,42.01343806040018
2018-12-03,40.405013825878356
2018-12-04,43.37355612339156
2018-12-05,42.167622246947616
2018-12-06,40.25976824845232
2018-12-07,48.106124107599385
2018-12-10,55.32729131390208
2018-12-11,53.90487906704837
2018-12-12,51.5591614060339
2018-12-13,49.14883113934974
2018-12-14,47.44623724554252
2018-12-17,45.41251138785988
2018-12-18,44.07998451835572
2018-12-19,46.564617377522
2018-12-20,44.484443776946954
2018-12-21,49.054509999616016
2018-12-27,47.526414286725085
2018-12-28,45.51061737951476
2019-01-02,44.29372748468256
2019-01-03,52.8911675382411
2019-01-04,50.959515470887816
2019-01-07,52.923035361338144
2019-01-08,51.87976010691939
2019-01-09,49.462241371370105
2019-01-10,51.53861984836874
2019-01-11,49.73589337942384
2019-01-14,48.45411828720497
2019-01-15,46.34079579651318
2019-01-16,44.21047051006005
2019-01-17,43.16476516816357
2019-01-18,41.18425871923226
2019-01-21,42.84786069725626
2019-01-22,40.894098432537405
2019-01-23,40.34089759875762
2019-01-24,38.52778309712925
2019-01-25,36.802730550219884
2019-01-28,35.29634641315447
2019-01-29,36.650304656764135
2019-01-30,36.40255196463051
2019-01-31,35.476033106100694
2019-02-01,34.181574265168514
2019-02-04,33.055037693073544
2019-02-05,31.771769330011157
2019-02-06,30.80044096705411
2019-02-07,29.794418194415318
2019-02-08,30.143064431760457
2019-02-11,29.016393996218042
2019-02-12,27.847206299623146
2019-02-13,28.45002255409353
2019-02-14,27.77093628096217
2019-02-15,27.190167400362665
2019-02-18,28.752492311322797
2019-02-19,28.09887123342459
2019-02-20,27.297236390497297
2019-02-21,27.07618477059242
2019-02-22,26.018297305867044
2019-02-25,25.022365131479983
2019-02-26,32.20188055328998
2019-02-27,31.02939194733897
2019-02-28,30.65719827612835
2019-03-01,29.653813933948708
2019-03-04,30.15371874548884
2019-03-05,29.383792185392654
2019-03-06,28.2331312613821
2019-03-07,27.16201863245251
2019-03-08,26.179799044566526
2019-03-11,25.874204037429433
2019-03-12,25.307415910205822
2019-03-13,24.4209683810527
2019-03-14,23.845741260639862
2019-03-15,23.06556354188319
2019-03-18,22.267422616024557
2019-03-19,21.828005143116467
2019-03-20,21.349082033563857
2019-03-21,22.31367948264473
2019-03-22,21.560737016530922
2019-03-25,25.409176831915108
2019-03-26,25.59195766472832
2019-03-27,24.63487038385273
2019-03-28,23.762232746479466
2019-03-29,24.732954692740595
2019-04-01,27.157916256391335
2019-04-02,27.24892982350638
2019-04-03,26.473596264304412
2019-04-04,25.680172112851672
2019-04-05,25.00705785119201
2019-04-08,24.083719824479175
2019-04-09,24.516540149365085
2019-04-10,23.63002883517539
2019-04-11,23.117112874716877
2019-04-12,22.434215319145697
2019-04-15,21.726872785336585
2019-04-16,21.526550694583964
2019-04-17,20.858385769144817
2019-04-18,20.35192555191237
2019-04-22,19.96715568204884
2019-04-23,19.367804988348812
2019-04-24,30.604094105980778
2019-04-25,29.82021144602206
2019-04-26,29.837400722659048
2019-04-29,38.588710134447304
2019-04-30,36.876118188636596
2019-05-01,35.80102245106649
2019-05-02,34.25693385492546
2019-05-03,34.24954458103303
2019-05-06,34.02260526750929
2019-05-07,32.551935267406265
2019-05-08,31.878116412005696
2019-05-09,30.53543640158662
2019-05-10,29.468167792972626
2019-05-13,29.042231557065612
2019-05-14,28.23943465788811
2019-05-15,27.12539354535265
2019-05-16,26.293972456295634
2019-05-17,27.281936140252512
2019-05-20,26.698870990062662
2019-05-21,26.133731413791356
2019-05-22,25.206658042807284
2019-05-23,25.19960865255732
2019-05-24,34.550677408737776
2019-05-27,33.179563057801545
2019-05-28,31.7572642898753
2019-05-29,33.98154790745756
2019-05-30,32.63924028447262
2019-05-31,32.17085885521327
2019-06-03,36.55982033019737
2019-06-04,44.11474577937151
2019-06-05,42.17765016302623
2019-06-06,41.73506459493551
2019-06-07,40.10250721441853
2019-06-10,39.53991802000068
2019-06-11,37.783503509083786
2019-06-12,36.56592264334851
2019-06-13,37.93553025673865
2019-06-14,38.256166839943376
2019-06-17,36.57030444822241
2019-06-18,35.24868664730463
2019-06-19,34.207324161311334
2019-06-20,32.96836710001992
2019-06-21,36.92705074049013
2019-06-24,35.49753119929356
2019-06-25,34.51563131426993
2019-06-26,33.90028461991706
2019-06-27,32.70726333220589
2019-06-28,31.319333661245963
2019-07-01,30.433354445765413
2019-07-02,34.12044076266152
2019-07-03,37.30523248149038
2019-07-04,36.14326637046683
2019-07-05,34.55501787879838
2019-07-08,33.34279718743608
2019-07-09,32.256258372252
2019-07-10,31.223605443151637
2019-07-11,33.596813155627416
2019-07-12,33.28264679968842
2019-07-15,32.67193932480969
2019-07-16,31.305965562552785
2019-07-17,30.878883300477582
2019-07-18,33.87275519418061
2019-07-19,39.803370522573566
2019-07-22,38.088527022669425
2019-07-23,37.05153234537684
2019-07-24,35.4819415083901
2019-07-25,35.85517125806409
2019-07-26,34.40275529253464
2019-07-29,33.84180034959103
2019-07-30,32.41565831490276
2019-07-31,31.08926469318512
2019-08-01,31.86711979729704
2019-08-02,31.8289367215065
2019-08-05,33.529728798435634
2019-08-06,35.2238445469963
2019-08-07,34.18079074479623
2019-08-08,44.77653772723838
2019-08-09,44.01962031851655
2019-08-12,42.92971139267635
2019-08-13,41.021103950820624
2019-08-14,45.17004897718376
2019-08-15,46.245012764006944
2019-08-16,44.303614029238645
2019-08-19,44.28764483671631
2019-08-20,42.69633872619735
2019-08-21,41.22994783266144
2019-08-22,41.26156584644403
2019-08-23,39.915821560892404
2019-08-26,39.320970313817924
2019-08-27,37.55214810677132
2019-08-28,35.92809239532682
2019-08-29,37.80335328324737
2019-08-30,36.13694347273334
2019-09-02,34.70824294025113
2019-09-03,38.84492336624968
2019-09-04,37.47862036077993
2019-09-05,42.056964941619704
2019-09-06,43.030716925157876
2019-09-09,42.55259862499681
2019-09-10,45.514958430179306
2019-09-11,43.67961225778836
2019-09-12,43.531245895532514
2019-09-13,45.149158945849095
2019-09-16,43.21573136099598
2019-09-17,67.07430750642533
2019-09-18,67.02313344118039
2019-09-19,64.5249416416358
2019-09-20,61.411036516445336
2019-09-23,58.88363005300843
2019-09-24,56.235848254915545
2019-09-25,53.714791541383576
2019-09-26,52.850889498863765
2019-09-27,50.4235413952535
2019-09-30,48.137867995347804
2019-10-01,47.373538522153964
2019-10-02,45.79371715857003
2019-10-03,47.081796240015116
2019-10-04,44.89211810542619
2019-10-07,43.74874755102841
2019-10-08,41.809588041020625
2019-10-09,41.38123632828284
2019-10-10,41.430982814434365
2019-10-11,39.88573144327179
2019-10-14,39.90444378126804
2019-10-15,40.76697515944904
2019-10-16,39.025322125453904
2019-10-17,37.278926775953266
2019-10-18,35.624047913585486
2019-10-21,34.38599048041679
2019-10-22,33.93522200342109
2019-10-23,34.70482731296174
2019-10-24,33.1946798480155
2019-10-25,33.06125686597362
2019-10-28,31.74530159423815
2019-10-29,33.17796141990618
2019-10-30,32.14953702612441
2019-10-31,31.51942326773246
2019-11-01,31.129095090147178
2019-11-04,30.588845873186386
2019-11-05,34.49768478825185
2019-11-06,33.026451498665
2019-11-07,31.987010948163352
2019-11-08,30.841052988472583
2019-11-11,29.943324832216582
2019-11-12,29.02537543798444
2019-11-13,28.02814660073958
2019-11-14,26.911803224045112
2019-11-15,25.891107863494057
2019-11-18,25.703069807671515
2019-11-19,25.04680076162275
2019-11-20,24.384282030518875
2019-11-21,25.8039606952104
2019-11-22,26.29145685891202
2019-11-25,25.315277410758124
2019-11-26,24.40140657052538
2019-11-27,23.524161902661852
2019-11-28,22.725839987307737
2019-11-29,22.114549633907114
2019-12-02,21.42264911654957
2019-12-03,22.991482105173954
2019-12-04,22.28578112183987
2019-12-05,27.442466203648852
2019-12-06,26.51562160496091
2019-12-09,26.146643465915453
2019-12-10,25.149812330203737
2019-12-11,24.218781541370948
2019-12-12,24.98148593397394
2019-12-13,25.767737869044478
2019-12-16,25.34996069120651
2019-12-17,24.729662008435227
2019-12-18,24.6736273031391
2019-12-19,23.771787711280766
2019-12-20,23.23220328194677
2019-12-23,23.60357986172633
2019-12-24,24.273122139105652
2019-12-25,26.38808989165824
2019-12-26,25.36927113107734
2019-12-27,24.413805261678114
2019-12-30,23.66373449038139
2019-12-31,23.247295770488765
2020-01-02,22.768036066263043
2020-01-03,22.61220189177558
2020-01-06,25.996913746286122
2020-01-07,26.208652387141463
2020-01-08,27.344894693207415
2020-01-09,28.20552749434167
2020-01-10,27.613067969893535
2020-01-13,26.544486521917825
2020-01-14,32.094403383733486
2020-01-15,30.807193994225052
2020-01-16,30.83593901577617
2020-01-17,31.149509983001085
2020-01-20,30.184322763118637
2020-01-21,29.22922885959625
2020-01-22,29.009577835340934
2020-01-23,30.314313782711537
2020-01-24,29.843953172892622
2020-01-27,32.52828153384597
2020-01-28,31.8563339592703
2020-01-29,31.20712697841743
2020-01-30,29.9033816734211
2020-01-31,32.1021187815017
2020-02-03,30.742287086607845
2020-02-04,43.912280897739535
2020-02-05,41.90482287753795
2020-02-06,41.93876906600357
2020-02-07,40.06360765027948
2020-02-10,38.702008197242044
2020-02-11,38.3824922483984
2020-02-12,37.040092082204936
2020-02-13,37.81200364637312
2020-02-14,36.736548182660606
2020-02-17,36.12481516006155
2020-02-18,34.72519516040921
2020-02-19,33.47727012851436
2020-02-20,37.3652345291784
2020-02-21,35.73232185192224
2020-02-24,35.10360324733604
2020-02-25,37.15358935262993
2020-02-26,37.59386883593342
2020-02-27,36.05124420161413
2020-02-28,42.57626439101806
2020-03-02,41.47690073499257
2020-03-03,41.084770712226124
2020-03-04,39.314850865734755
2020-03-05,37.72727097473264
2020-03-06,36.463029077876136
2020-03-09,66.4656542138106
2020-03-10,137.94267467576248
2020-03-11,131.10693647606425
2020-03-12,125.54748174405788
2020-03-13,129.55157795224892
2020-03-16,124.4817388331689
2020-03-17,136.60331584654892
2020-03-18,129.80038631687435
2020-03-19,157.80301685810772
2020-03-20,151.87021160264382
2020-03-23,147.42529341946732
2020-03-24,144.43720693902566
2020-03-25,138.02404464127574
2020-03-26,132.8585370105636
2020-03-27,132.6135380792036
2020-03-30,128.35692714007695
2020-03-31,142.75104960434072
2020-04-01,183.21597958891377
2020-04-02,174.0942130239947
2020-04-03,219.60928748386883
2020-04-06,226.44759318950366
2020-04-07,218.09796088919123
2020-04-08,207.44389766927998
2020-04-09,206.9320146936658
2020-04-14,223.30570541044256
2020-04-15,214.88409573780646
2020-04-16,209.03333532711025
2020-04-17,200.5161308806897
2020-04-20,192.28520474519902
2020-04-21,192.92177175510392
2020-04-22,359.2131306628682
2020-04-23,394.1947650910241
2020-04-24,376.84479040326187
2020-04-27,358.80116896899113
2020-04-28,341.4961916356383
2020-04-29,324.6322798196353
2020-04-30,315.0625463707442
2020-05-01,299.3296574864809
2020-05-04,284.4862281447598
2020-05-05,274.27203094585803
2020-05-06,281.2928790128102
2020-05-07,268.31408253550484
2020-05-11,254.86462183894844
2020-05-12,243.36667025766423
2020-05-13,232.10364031167535
2020-05-14,221.50051177538347
2020-05-15,212.93547031208485
2020-05-18,202.97580407389165
2020-05-19,195.95301749898437
2020-05-20,186.18587242170645
2020-05-21,178.47732515478586
2020-05-22,169.55620331401028
2020-05-26,161.6844781418044
2020-05-27,153.62386509525234
2020-05-28,147.03369032479924
2020-05-29,140.8293812972157
2020-06-01,133.82992487748305
2020-06-02,131.86134164528707
2020-06-03,125.91360963661826
2020-06-04,119.69245207128982
2020-06-05,113.86610585215789
2020-06-08,112.59861690302448
2020-06-09,108.2228866711729
2020-06-10,103.27745773733706
2020-06-11,98.52498842058948
2020-06-12,102.5539799791124
2020-06-15,97.95381249798405
2020-06-16,93.7488988654668
2020-06-17,90.45984950803836
2020-06-18,86.0761810826736
2020-06-19,83.16317882756307
2020-06-22,79.34324718304944
2020-06-23,76.06319886292987
2020-06-24,72.56135266065348
2020-06-25,74.11161830844758
2020-06-26,71.06734346594129
2020-06-29,67.6629579079214
2020-06-30,64.75179168089348
2020-07-01,61.62609274954285
2020-07-02,58.96646503512347
2020-07-03,57.23943999073169
2020-07-06,54.59950006869148
2020-07-07,52.056884225894464
2020-07-08,49.952006921839
2020-07-09,47.78191290090014
2020-07-10,47.93092581742967
2020-07-13,46.7983086182343
2020-07-14,44.88570863081966
2020-07-15,42.826759849576504
2020-07-16,42.25024801111132
2020-07-17,40.42578528327523
2020-07-20,38.65646374624197
2020-07-21,37.02516777396999
2020-07-22,37.01477700342164
2020-07-23,35.57537006459038
2020-07-24,35.89075224826533
2020-07-27,34.48905152241763
2020-07-28,33.003814288753986
2020-07-29,31.762801330138878
2020-07-30,30.71545479675985
2020-07-31,30.055508700460848
2020-08-03,28.85257501067558
2020-08-04,28.497240170245576
2020-08-05,27.44760930962481
2020-08-06,28.140078096461806
2020-08-07,27.03547724310101
2020-08-10,28.069367851802525
2020-08-11,26.970093254801995
2020-08-12,26.547461241861004
2020-08-13,29.623075559898332
2020-08-14,28.521175599949995
2020-08-17,27.373448800659418
2020-08-18,26.295702082909834
2020-08-19,25.65797807685941
2020-08-20,24.733627954126806
2020-08-21,24.864474515405217
2020-08-24,24.918401935684408
2020-08-25,24.53197813464737
2020-08-26,28.85798804314134
2020-08-27,27.80036982358721
2020-08-28,28.594479728839357
2020-09-01,27.710059406118564
2020-09-02,27.090390084110616
2020-09-03,42.00640990316955
2020-09-04,40.0890712622987
2020-09-07,42.616808338602574
2020-09-08,41.002005675553846
2020-09-09,47.05516424813183
2020-09-10,48.16524787166268
2020-09-11,46.74734694369632
2020-09-14,44.970176290407764
2020-09-15,42.99922361599831
2020-09-16,42.66873515173483
2020-09-17,45.30997088452715
2020-09-18,45.029588817338514
2020-09-21,43.0117057141772
2020-09-22,46.10156553336526
2020-09-23,44.28677274741028
2020-09-24,42.33332150505677
2020-09-25,40.4279539083516
2020-09-28,38.808991082666175
2020-09-29,37.862177586637074
2020-09-30,39.141368876180636
2020-10-01,37.38606361909948
2020-10-02,36.36309820572748
2020-10-05,41.02379242396678
2020-10-06,44.8018724387109
2020-10-07,46.15543119150121
2020-10-08,44.6995771119699
2020-10-09,45.47964572968921
2020-10-12,43.599544124621396
2020-10-13,43.69812175289211
2020-10-14,42.791345580591816
2020-10-15,41.16449500007151
2020-10-16,39.37239993816714
2020-10-19,37.74616021729069
2020-10-20,36.07281209962825
2020-10-21,34.67510684391033
2020-10-22,37.81195717997713
2020-10-23,38.685807992252904
2020-10-26,37.58362464491063
2020-10-27,41.12370450580984
2020-10-28,40.030760378884885
2020-10-29,44.710676105564204
2020-10-30,45.89179472056394
2020-11-02,43.88130235518895
2020-11-03,45.79884841019171
2020-11-04,43.93070506902833
2020-11-05,45.775971803718384
2020-11-06,43.739230948064844
2020-11-09,45.205753528531616
2020-11-10,55.17142570312053
2020-11-11,54.65432543896964
2020-11-12,52.12373128130916
2020-11-13,49.82530038089473
2020-11-16,48.09658802820528
2020-11-17,47.78832546085118
2020-11-18,45.60589902564924
2020-11-19,43.67247815607526
2020-11-20,41.703581039911626
2020-11-23,40.50994079499489
2020-11-24,40.76332391899723
2020-11-25,42.4149422330331
2020-11-26,41.01775791964115
2020-11-27,40.47046303138337
2020-11-30,39.03708058241064
2020-12-01,37.28838760644336
2020-12-02,35.6752166482185
2020-12-03,34.94554542658299
2020-12-04,33.869980230294566
2020-12-07,33.15301928788744
2020-12-08,32.09368292557435
2020-12-09,30.790583203633048
2020-12-10,29.510527802729296
2020-12-11,31.80731639719014
2020-12-14,30.63698135689053
2020-12-15,29.451369901384133
2020-12-16,28.61110194415214
2020-12-17,27.458861895431657
2020-12-18,26.57754540406469
2020-12-21,27.02233023851552
2020-12-22,29.863425184157848
2020-12-23,29.51616743406953
2020-12-24,30.343267263468952
2020-12-28,29.14072246212596
2020-12-29,27.954923725890975
2020-12-30,27.19140783343449
2020-12-31,26.256712392580077
2021-01-04,25.612679989890875
2021-01-05,25.97613129739927
2021-01-06,35.81588222680394
2021-01-07,34.68901669244399
2021-01-08,33.19751285145881
2021-01-11,35.44391111504782
2021-01-12,34.421923275395415
2021-01-13,34.319869415068425
2021-01-14,33.093027627687036
2021-01-15,31.73059623966851
2021-01-18,31.564114995368296
2021-01-19,30.710676771428513
2021-01-20,31.09941123531464
2021-01-21,29.880211960447546
2021-01-22,28.64979639678141
2021-01-25,27.80752546248103
2021-01-26,26.75613984905041
2021-01-27,25.773634397309607
2021-01-28,24.8607470184773
2021-01-29,24.01485932545734
2021-02-01,23.353306973754357
2021-02-02,24.588016669323327
2021-02-03,25.66758726751624
2021-02-04,25.94943565623907
2021-02-05,25.11640944570989
2021-02-08,24.481560759854233
2021-02-09,24.178090073424357
2021-02-10,23.695944352732116
2021-02-11,23.067597249954694
2021-02-12,22.273427391139315
2021-02-15,23.95084347183298
2021-02-16,24.51584817887183
2021-02-17,23.763302046671008
2021-02-18,24.165365680817796
2021-02-19,24.344676460157334
2021-02-22,25.357356707671553
2021-02-23,28.142683729475515
2021-02-24,27.180208021848223
2021-02-25,28.774349125100063
2021-02-26,27.642421156814244
2021-03-01,27.260620688519055
2021-03-02,27.94572911211521
2021-03-03,28.861231501240976
2021-03-04,29.90278634825566
2021-03-05,34.31076190267731
2021-03-08,37.5255484769888
2021-03-09,38.40387025862961
2021-03-10,37.36336730871566
2021-03-11,35.86193499196345
2021-03-12,36.491396341875095
2021-03-15,35.05088403993264
2021-03-16,33.531088257017444
2021-03-17,32.64722951706003
2021-03-18,31.303926919535986
2021-03-19,51.39798837424949
2021-03-22,50.986471986699996
2021-03-23,48.594762135234035
2021-03-24,55.539449114102965
2021-03-25,60.24120073714203
2021-03-26,60.51597580437053
2021-03-29,60.807395671364226
2021-03-30,57.919916777736006
2021-03-31,55.48317873791405
2021-04-01,52.86691242781527
2021-04-06,50.41653457357017
2021-04-07,51.452476171986284
2021-04-08,49.1074383181755
2021-04-09,46.8324084560617
2021-04-12,44.68671423723991
2021-04-13,42.77402184658279
2021-04-14,40.94418704409924
2021-04-15,45.978242646240275
2021-04-16,43.84476803582073
2021-04-19,41.84666269009129
2021-04-20,40.12420538053775
2021-04-21,39.33573188092881
2021-04-22,38.86932885504311
2021-04-23,37.89691770539704
2021-04-26,36.522711441935215
2021-04-27,34.9681064806364
2021-04-28,33.8552623375805
2021-04-29,32.90493634627893
2021-04-30,32.54036659521969
2021-05-04,31.401519124800757
2021-05-05,31.150797894974954
2021-05-06,30.32005894667208
2021-05-07,30.07986193651306
2021-05-10,28.84335649855001
2021-05-11,27.693882007625476
2021-05-12,26.628291913574614
2021-05-13,26.132972805797017
2021-05-14,29.80240838929512
2021-05-17,31.398761478516434
2021-05-18,30.177203946619112
2021-05-19,29.264111650396153
2021-05-20,31.93631423770321
2021-05-21,33.05738301666498
2021-05-24,33.50146375691439
2021-05-25,34.619975312918974
2021-05-26,33.13909364851937
2021-05-27,31.72652517569722
2021-05-28,30.563504684747468
2021-06-01,29.300583545031934
2021-06-02,28.449655539769363
2021-06-03,27.553430319360906
2021-06-04,26.468308453307145
2021-06-07,25.724838501391755
2021-06-08,24.922745091456864
2021-06-09,24.20408004627971
2021-06-10,23.332957749175904
2021-06-11,22.603051923256526
2021-06-14,21.964247196787262
2021-06-15,21.265523894852826
2021-06-16,21.772103940036054
2021-06-17,21.27012774514963
2021-06-18,21.572264644799297
2021-06-21,20.885325309526653
2021-06-22,22.069916415765
2021-06-23,21.48025238493395
2021-06-24,20.847426090134388
2021-06-25,20.66852754060537
2021-06-28,20.23632111044096
2021-06-29,22.387479134267167
2021-06-30,21.926969053624983
2021-07-01,23.278850046269625
2021-07-02,22.5242377357197
2021-07-05,22.297373532373264
2021-07-06,22.09241081935422
2021-07-07,26.64151766616908
2021-07-08,27.410133410513023
2021-07-09,26.741924820365426
2021-07-12,28.735542470622466
2021-07-13,27.68637102100434
2021-07-14,26.940243933100906
2021-07-15,28.21038513838929
2021-07-16,28.213584113625355
2021-07-19,27.090380718734075
2021-07-20,43.163206309250555
2021-07-21,41.44149153194954
2021-07-22,42.93486095861825
2021-07-23,42.41320502139707
2021-07-26,40.64517921141883
2021-07-27,38.80796246761502
2021-07-28,37.06850104840935
2021-07-29,35.44558887272112
2021-07-30,34.70764612982584
2021-08-02,34.3060345520127
2021-08-03,40.83727999435002
2021-08-04,39.250106081052756
2021-08-05,40.43417811169924
2021-08-06,39.32783855480953
2021-08-09,38.33903731418365
2021-08-10,37.84551411609002
2021-08-11,37.504816994020416
2021-08-12,36.25680170568308
2021-08-13,34.692399135817546
2021-08-16,33.75295855846613
2021-08-17,32.821190548294595
2021-08-18,31.783773360020444
2021-08-19,30.967880796949892
2021-08-20,32.40294926564562
2021-08-23,32.46048728022723
2021-08-24,40.00459540914947
2021-08-25,40.83642585950354
2021-08-26,39.42688393930264
2021-08-27,39.40842134023256
2021-08-31,39.5556399844454
2021-09-01,38.53844112246836
2021-09-02,38.10081325153716
2021-09-03,37.789267330281504
2021-09-06,36.2648648815186
2021-09-07,34.946113466452324
2021-09-08,34.00302803461235
2021-09-09,32.97919690526735
2021-09-10,32.364631106867655
2021-09-13,31.83250306751163
2021-09-14,30.665943461980522
2021-09-15,29.39104737230762
2021-09-16,30.414292925494536
2021-09-17,29.20334194423092
2021-09-20,28.218211711708335
2021-09-21,27.97414912732963
2021-09-22,26.858468085677362
2021-09-23,28.34049702696319
2021-09-24,27.80130636273968
2021-09-27,27.343205963572792
2021-09-28,27.632591605827812
2021-09-29,26.77338961957698
2021-09-30,25.89262908405583
2021-10-01,24.908801016070953
2021-10-04,25.797973218912084
2021-10-05,27.553017760323538
2021-10-06,27.447027923354028
2021-10-07,27.54045006316725
2021-10-08,26.990477564283626
2021-10-11,25.960951621841083
2021-10-12,26.52074659672688
2021-10-13,25.534504710269303
2021-10-14,24.568699466607523
2021-10-15,23.72374524294094
2021-10-18,23.294586877655583
2021-10-19,22.706094639587917
2021-10-20,22.45142728420411
2021-10-21,22.04175038764628
2021-10-22,22.370955349889652
2021-10-25,22.092156034349124
2021-10-26,21.625770207378103
2021-10-27,20.95057700320133
2021-10-28,21.096802820217153
2021-10-29,20.86985074647918
2021-11-01,20.298289986853362
2021-11-02,21.19302774431328
2021-11-03,20.52036451930154
2021-11-04,27.804660858010482
2021-11-05,27.330874534497323
2021-11-08,29.412370718827248
2021-11-09,28.547963739516412
2021-11-10,28.337811454687493
2021-11-11,28.78393826110015
2021-11-12,27.744018240806046
2021-11-15,26.818725946533593
2021-11-16,26.412925000515415
2021-11-17,25.899737214199202
2021-11-18,28.09081979120566
2021-11-19,28.858531662468707
2021-11-22,30.68532751488215
2021-11-23,29.698871634718937
2021-11-24,31.806115168470424
2021-11-25,31.112701690423616
2021-11-26,29.880853513005718
2021-11-29,66.85701399085619
2021-11-30,63.9202850463758
2021-12-01,63.08474538221389
2021-12-02,60.75724970491403
2021-12-03,58.24382823714098
2021-12-06,55.463192536402225
2021-12-07,55.673075862043916
2021-12-08,54.76861664354916
2021-12-09,52.217700364708406
2021-12-10,51.16673474447396
2021-12-13,49.06053954031453
2021-12-14,47.11049759401413
2021-12-15,45.20130655853567
2021-12-16,43.157352031524184
2021-12-17,41.58638152537637
2021-12-20,41.20069323025462
2021-12-21,42.703973930372754
2021-12-22,43.584814818579765
2021-12-23,43.21512948058235
2021-12-24,42.37670535291469
2021-12-29,40.98255760214952
2021-12-30,44.37536040252488
2021-12-31,42.32990941453465
2022-01-03,41.30565525749187
2022-01-04,39.88641051176721
2022-01-05,38.67825940368414
2022-01-06,37.613502022134185
2022-01-07,36.82061062101244
2022-01-10,35.222780550658236
2022-01-11,33.97053674265108
2022-01-12,37.907804027652155
2022-01-13,36.50560748304395
2022-01-14,34.89540103337929
2022-01-17,34.185976405042254
2022-01-18,32.87854791594664
2022-01-19,31.914711448074783
2022-01-20,30.84681731381088
2022-01-21,29.562060207111408
2022-01-24,28.351166661525706
2022-01-25,29.372831094933826
2022-01-26,29.66131708734574
2022-01-27,29.83091095052878
2022-01-28,28.753645624186063
2022-01-31,27.859217347321565
2022-02-01,27.10906303057322
2022-02-02,28.3827772329284
2022-02-03,27.914227109188477
2022-02-04,27.94755740296656
2022-02-07,33.09024357769132
2022-02-08,31.728355688607756
2022-02-09,31.014832901365935
2022-02-10,30.281771074765285
2022-02-11,29.842616260177063
2022-02-14,29.119128953611828
2022-02-15,34.26673818428251
2022-02-16,36.338779412604886
2022-02-17,35.100137050168286
2022-02-18,35.307007688721754
2022-02-21,34.0373789673014
2022-02-22,35.22410531334536
2022-02-23,33.708030939339125
2022-02-24,32.353044097987016
2022-02-25,32.36455611680451
2022-02-28,33.72165766251734
2022-03-01,38.671499731750046
2022-03-02,50.893281211870935
2022-03-03,58.79837839904294
2022-03-04,57.91909251067649
2022-03-07,64.7389285732245
2022-03-08,64.5890957912881
2022-03-09,63.28017122346692
2022-03-10,87.91743267469782
2022-03-11,84.04035967417796
2022-03-14,81.2246739915678
2022-03-15,83.84775375218348
2022-03-16,83.14163371597283
2022-03-17,79.10563145151309
2022-03-18,84.7088514919457
2022-03-21,80.61491131072206
2022-03-22,83.12683453938868
2022-03-23,79.11236298026535
2022-03-24,78.64335167149767
2022-03-25,76.03939948960007
2022-03-28,72.51910155569125
2022-03-29,76.58343875468641
2022-03-30,73.2179694438926
2022-03-31,70.60461306970693
2022-04-01,76.18000331012776
2022-04-04,72.66085483592083
2022-04-05,69.68641759428313
2022-04-06,66.68286032706985
2022-04-07,68.95207284065178
2022-04-08,65.78688841877899
2022-04-11,62.9551272440493
2022-04-12,62.09374176726751
2022-04-13,66.57191629661433
2022-04-14,65.89722311692408
2022-04-19,63.50873645209706
2022-04-20,64.99171353523505
2022-04-21,61.89053660739043
2022-04-22,59.677260275858735
2022-04-25,57.59643948425387
2022-04-26,61.484762645749136
2022-04-27,60.942897241925465
2022-04-28,58.03967996496897
2022-04-29,56.384331974975
2022-05-03,54.88510545402687
2022-05-04,54.546722776392855
2022-05-05,57.527360884461324
2022-05-06,55.17621706362157
2022-05-09,53.04710911445597
2022-05-10,59.53846003975346
2022-05-11,59.721842658047954
2022-05-12,61.34383334818014
2022-05-13,58.411240108082616
2022-05-16,58.303200397064224
2022-05-17,56.66919596484207
2022-05-18,54.629368834576354
2022-05-19,53.50397750826844
2022-05-20,52.71787692023611
2022-05-23,50.24691041700292
2022-05-24,48.27059586143567
2022-05-25,46.079585460159564
2022-05-26,44.00890281821924
2022-05-27,44.134726967178324
2022-05-30,42.43343268372322
2022-05-31,41.08585671429068
2022-06-01,40.36112463437813
2022-06-03,40.696623076183194
2022-06-06,41.05663776160188
2022-06-07,39.293781648408846
2022-06-08,38.18116388213675
2022-06-09,37.44345260517603
2022-06-10,35.89697850136634
2022-06-13,34.5578902277856
2022-06-14,33.246765288719224
2022-06-15,32.29625610129523
2022-06-16,31.951457514577054
2022-06-17,30.74084768121673
2022-06-20,39.216311686989926
2022-06-21,37.67784444229816
2022-06-22,36.01028359508441
2022-06-23,36.58012694362049
2022-06-24,35.25614914907286
2022-06-27,35.66750048433476
2022-06-28,35.33125431061337
2022-06-29,35.17824262984722
2022-06-30,34.130648865615676
2022-07-01,32.93002376842454
2022-07-04,31.619026491896836
2022-07-05,31.931243546767984
2022-07-06,56.02073494054728
2022-07-07,54.061381289800345
2022-07-08,55.54375382908322
2022-07-11,52.9421442859365
2022-07-12,50.56254427667402
2022-07-13,59.110479045438524
2022-07-14,56.28196877499605
2022-07-15,53.65013543741652
2022-07-18,54.70650009293529
2022-07-19,56.08553372946285
2022-07-20,54.29261336975593
2022-07-21,51.835963101608975
2022-07-22,51.06785920594109
2022-07-25,55.45091140594764
2022-07-26,53.188384322165504
2022-07-27,50.84618233727082
2022-07-28,49.48564807452041
2022-07-29,47.16347826260455
2022-08-01,45.62787400374086
2022-08-02,49.73796506810275
2022-08-03,47.432820762673884
2022-08-04,50.19827078114072
2022-08-05,51.320815680422214
2022-08-08,50.12919705289938
2022-08-09,49.96465153122749
2022-08-10,47.63820732648754
2022-08-11,45.7527604505109
2022-08-12,44.639660866353395
2022-08-15,45.51039263966257
2022-08-16,50.63935075058051
2022-08-17,50.39091760167085
2022-08-18,48.86976454034932
2022-08-19,46.79793701826907
2022-08-22,44.62121239125277
2022-08-23,43.15866466186422
2022-08-24,46.5247020245523
2022-08-25,44.391804827594655
2022-08-26,42.67611743845325
2022-08-30,42.165566586573924
2022-08-31,41.18180990027821
2022-09-01,41.68070301939876
2022-09-02,45.5065947581906
2022-09-05,43.60197807877531
2022-09-06,41.971868176916516
2022-09-07,42.63802077765116
2022-09-08,47.7288257282978
2022-09-09,45.91761816418351
2022-09-12,47.93763209095382
2022-09-13,46.57217550756761
2022-09-14,45.03310858417915
2022-09-15,43.12801372022272
2022-09-16,45.28054856267238
2022-09-20,43.18913942112321
2022-09-21,41.215354472971214
2022-09-22,39.3565113374221
2022-09-23,37.68066881805535
2022-09-26,49.35497697913882
2022-09-27,48.13264597286314
2022-09-28,49.76822425333584
2022-09-29,51.23579828662999
2022-09-30,48.8292386135241
2022-10-03,46.634829810757836
2022-10-04,45.43116456361513
2022-10-05,46.092669419186585
2022-10-06,44.04971775709144
2022-10-07,42.50091421228182
2022-10-10,43.502411372984405
2022-10-11,42.41736385224104
2022-10-12,41.68759911501939
2022-10-13,40.79133236804878
2022-10-14,39.86950204164915
2022-10-17,41.00918488273593
2022-10-18,39.661550147283805
2022-10-19,38.83546921585826
2022-10-20,38.36123071301277
2022-10-21,36.65294740899724
2022-10-24,35.05960612911361
2022-10-26,33.56285928113679
2022-10-27,32.84613331959736
2022-10-28,32.04102600316899
2022-10-31,30.76231550946296
2022-11-01,30.307269392025738
2022-11-02,30.43541717393696
2022-11-03,29.528495335194936
2022-11-04,28.614717481326124
2022-11-07,34.380474927524425
2022-11-08,32.9203994224177
2022-11-09,34.86667880897218
2022-11-10,38.57582991983165
2022-11-11,37.32563063491891
2022-11-14,37.17413371193305
2022-11-15,38.269846855327025
2022-11-16,36.719662086815006
2022-11-17,36.198466022221496
2022-11-18,35.65764232590901
2022-11-21,35.895360201430435
2022-11-22,34.4353025730555
2022-11-23,32.954018761521084
2022-11-24,35.06242147240932
2022-11-25,33.58728250340787
2022-11-28,34.531985869645844
2022-11-29,33.03386455471459
2022-11-30,31.670816511584583
2022-12-01,33.15800746103045
2022-12-02,31.93382172527606
2022-12-05,30.608488080494883
2022-12-06,34.49626309976788
2022-12-07,38.798357565457536
2022-12-08,40.92339264897677
2022-12-09,39.691612815562834
2022-12-12,37.9550063007845
2022-12-14,37.598377846160915
2022-12-15,47.78663805421591
2022-12-16,45.93945222881854
2022-12-19,45.646544978102874
2022-12-20,44.34540150352452
2022-12-21,44.35802091305946
2022-12-22,42.56295600350094
2022-12-23,40.83323996543673
2022-12-28,42.44658177741235
2022-12-29,40.7628437657205
2022-12-30,39.17982227416177
2023-01-03,38.91854383109724
2023-01-04,39.956630767355314
2023-01-05,49.36395539533599
2023-01-06,47.85802599590168
2023-01-09,45.676096112554625
2023-01-10,44.0561822954793
2023-01-11,42.36538218000446
2023-01-12,43.51850775444468
2023-01-13,42.375614137045105
2023-01-16,40.70569249995211
2023-01-17,39.14288371182022
2023-01-18,38.63215107532532
2023-01-19,37.077863186999174
2023-01-20,36.156156559926615
2023-01-23,36.06294076132097
2023-01-24,34.60566445806098
2023-01-25,35.52883305267059
2023-01-26,33.99138184222045
2023-01-27,33.1809002203851
2023-01-30,32.212249525515375
2023-01-31,30.970723001693074
2023-02-01,30.90502619117561
2023-02-02,31.493118117249637
2023-02-03,30.82797604892637
2023-02-06,31.3669140780387
2023-02-07,31.55166524091424
2023-02-08,33.36405673666049
2023-02-09,32.685251071411926
2023-02-10,31.57905057772505
2023-02-13,32.243627952767646
2023-02-14,30.994039958766074
2023-02-15,30.281853130948523
2023-02-16,29.457950034884185
2023-02-17,28.305846872889845
2023-02-20,29.316548653893083
2023-02-21,28.49029640179887
2023-02-22,27.63007573606004
2023-02-23,30.760812674178545
2023-02-24,32.99578677840808
2023-02-27,31.604363559051755
2023-02-28,30.95626738009437
2023-03-01,31.74153481834836
2023-03-02,30.505145395426116
2023-03-03,29.34392386170735
2023-03-06,29.484477975608982
2023-03-08,28.281564707812063
2023-03-09,34.73642931772664
2023-03-10,33.88606544983038
2023-03-13,33.26609016861523
2023-03-14,35.53043802537681
2023-03-15,38.43716713461741
2023-03-16,40.00362848739982
2023-03-17,38.999286050108836
2023-03-20,39.82833679337857
2023-03-21,39.105000463996134
2023-03-22,40.3177444144803
2023-03-23,39.330777591046854
2023-03-24,39.277370084293764
2023-03-27,37.79181627494141
2023-03-28,41.288620885930776
2023-03-29,40.15073755951376
2023-03-30,38.50851949787764
2023-03-31,37.206437228825635
2023-04-03,35.81524629012786
2023-04-04,51.386683735049964
2023-04-05,48.96963408037286
2023-04-06,46.68319163251976
2023-04-11,44.65166038053181
2023-04-12,42.77740528802718
2023-04-13,41.149526190979856
2023-04-14,40.549757084726465
2023-04-17,38.94200306234809
2023-04-18,38.390934414044295
2023-04-19,36.687889718129505
2023-04-20,35.07924317908714
2023-04-21,35.58116205331657
2023-04-24,34.02190478434074
2023-04-25,32.90074556856011
2023-04-26,33.81188150974174
2023-04-27,36.86755936145437
2023-04-28,35.63850600200638
2023-05-02,34.786342617244095
2023-05-03,43.60537533850903
2023-05-04,48.31082003106341
2023-05-05,46.05336526969775
2023-05-09,47.52866890271491
2023-05-10,46.8065120846149
2023-05-11,45.139890362540044
2023-05-12,43.962480371623315
2023-05-15,42.257795274061294
2023-05-16,40.726161099209556
2023-05-17,38.939565586756494
2023-05-18,38.88378065253224
2023-05-19,37.973670504004225
2023-05-22,36.35135951858669
2023-05-23,34.80705879946971
2023-05-24,33.72742340136814
2023-05-25,33.26354026121282
2023-05-26,35.08327589438359
2023-05-30,33.793395982568406
2023-05-31,37.55431823172236
2023-06-01,37.102547690718104
2023-06-02,38.212180264673165
2023-06-05,38.252906872508674
2023-06-06,36.72390854810358
2023-06-07,35.19880609726064
2023-06-08,33.869346332490196
2023-06-09,33.01091159418251
2023-06-12,32.46509460892471
2023-06-13,36.66304307710486
2023-06-14,38.454134021979634
2023-06-15,37.17517778185901
2023-06-16,38.557678064590974
2023-06-19,37.342280636558264
2023-06-20,35.95329007144773
2023-06-21,34.435729704009105
2023-06-22,33.65684977109342
2023-06-23,37.500570481393666
2023-06-26,35.92685799202365
2023-06-27,34.392409140591816
2023-06-28,35.45940213866507
2023-06-29,35.77454191293752
2023-06-30,34.226076213562465
2023-07-03,32.987742280108186
2023-07-04,31.576163331185047
2023-07-05,32.07918317056388
2023-07-06,30.86649114826307
2023-07-07,29.579658140529247
2023-07-10,30.98082825812567
2023-07-11,30.276340904695665
2023-07-12,30.772959977013485
2023-07-13,29.85681460069907
2023-07-14,29.151945792200255
2023-07-17,29.252620293045474
2023-07-18,30.911473614756574
2023-07-19,31.398225805937148
2023-07-20,30.100893712515177
2023-07-21,28.88467427862566
2023-07-24,28.959701457513365
2023-07-25,29.033878402879825
2023-07-26,28.331600118016954
2023-07-27,27.354248317055646
2023-07-28,27.2607119429491
2023-07-31,26.206721003717515
2023-08-01,25.50345017089673
2023-08-02,24.54354687946565
2023-08-03,24.870336077784913
2023-08-04,26.82645709579364
2023-08-07,26.558531161584177
2023-08-08,26.05565779173853
2023-08-09,26.370291807461932
2023-08-10,26.27251110553075
2023-08-11,27.295643014102417
2023-08-14,26.338102731944762
2023-08-15,25.509869838245653
2023-08-16,25.3603979677073
2023-08-17,26.4695028168843
2023-08-18,25.764518116672985
2023-08-21,25.046264848617326
2023-08-22,24.281777499810524
2023-08-23,23.798122151078044
2023-08-24,23.381929069087768
2023-08-25,22.5588748569163
2023-08-29,23.020866532525357
2023-08-30,22.795092308296606
2023-08-31,22.035896012219915
2023-09-01,21.58060392228377
2023-09-04,25.33545640533607
2023-09-05,24.475630577135014
2023-09-06,23.94508237053658
2023-09-07,23.229188545399087
2023-09-08,22.68055633599666
2023-09-11,22.162557449731192
2023-09-12,21.417126812610324
2023-09-13,22.25550487845003
2023-09-14,21.70360859311547
2023-09-15,23.60727566176582
2023-09-18,22.816833778064645
2023-09-19,22.09817759491141
2023-09-20,21.361238955588266
2023-09-21,22.15665626392572
2023-09-22,21.890797867022545
2023-09-25,21.198295345178504
2023-09-26,20.513380594095924
2023-09-27,19.98543184167094
2023-09-28,23.355140161266316
2023-09-29,22.662274663666558
2023-10-02,22.256728399714756
2023-10-03,32.254840081957795
2023-10-04,35.06371481731906
2023-10-05,41.41172962830952
2023-10-06,40.43945329183414
2023-10-09,38.68789297747172
2023-10-10,41.36877323116408
2023-10-11,39.66159709378129
2023-10-12,41.506993272295055
2023-10-13,39.84719664089208
2023-10-16,49.04627410942749
2023-10-17,49.91045509455048
2023-10-18,48.20162211598066
2023-10-19,46.04284831527057
2023-10-20,44.26951015296571
2023-10-23,42.327218818768735
2023-10-24,41.541613848998985
2023-10-25,44.815609483164714
2023-10-26,44.2214541224513
2023-10-27,43.19008737732711
2023-10-30,42.92358045049046
2023-10-31,40.956502300233616
2023-11-01,44.5332391716004
2023-11-02,42.47955010780213
2023-11-03,42.070350805253184
2023-11-06,40.974329325623906
2023-11-07,39.14280882063633
2023-11-08,43.37485659785831
2023-11-09,42.99264663082019
2023-11-10,41.04704371805873
2023-11-13,40.68173598075471
2023-11-14,38.90321548536071
2023-11-15,37.159614088660426
2023-11-16,37.04722380560839
2023-11-17,45.24932280244894
2023-11-20,47.93801108389747
2023-11-21,47.1598285463882
2023-11-22,45.239663435949005
2023-11-23,43.335784042654716
2023-11-24,41.71817604778573
2023-11-27,40.31874458872136
2023-11-28,38.55593261510333
2023-11-29,38.965475806799674
2023-11-30,37.9636711743297
2023-12-01,37.04377952730204
2023-12-04,39.77524813306276
2023-12-05,38.15267545449923
2023-12-06,36.889248920768814
2023-12-07,39.95474125762896
2023-12-08,38.16261710002114
2023-12-11,38.040794186681076
2023-12-12,36.36945159007969
2023-12-13,36.3720581009898
2023-12-14,34.7675022876423
2023-12-15,37.94345229296139
2023-12-18,36.281903967553546
2023-12-19,36.84436476969518
2023-12-20,35.62911823218846
2023-12-21,34.8688799103018
2023-12-22,33.434679257586666
2023-12-27,32.15410435526246
2023-12-28,31.076982847544617
2023-12-29,32.01603989561057
2024-01-02,31.805257357154566
2024-01-03,31.829572269910226
2024-01-04,31.01018782173588
2024-01-05,31.02053626380659
2024-01-08,33.519552783217904
2024-01-09,36.73923341281626
2024-01-10,38.35778111546564
2024-01-11,36.749698723982085
2024-01-12,36.62762497619329
2024-01-15,35.07226378452947
2024-01-16,33.55536558839263
2024-01-17,32.182525301698156
2024-01-18,31.80242656170038
2024-01-19,33.025619391974104
2024-01-22,31.68466419926977
2024-01-23,30.87052399986358
2024-01-24,29.636361997071862
2024-01-25,28.423946475843902
2024-01-26,27.29385434023192
2024-01-29,26.821654198551315
2024-01-30,26.016429770699823
2024-01-31,25.02863284873891
2024-02-01,25.049203967317922
2024-02-02,24.57133266844423
2024-02-05,28.55070655260432
2024-02-07,27.448768706898353
2024-02-08,28.584377942595896
2024-02-09,29.371744773135962
2024-02-12,28.340342832299157
2024-02-13,27.24456362583343
2024-02-14,26.57121300631345
2024-02-15,25.614837989491008
2024-02-16,24.651780782440145
2024-02-19,23.920202756937176
2024-02-20,23.306526138793267
2024-02-21,22.900917607512948
2024-02-22,22.103898003161866
2024-02-23,22.137541858134245
2024-02-26,23.428572182208523
2024-02-27,22.625734535013287
2024-02-28,21.889766191516145
2024-02-29,21.204819796689254
2024-03-01,20.682538971172814
2024-03-04,20.069882384295116
2024-03-05,21.72667533900546
2024-03-06,21.46641530467947
2024-03-07,21.16233927998041
2024-03-08,22.686619660015737
2024-03-11,22.186320244563916
2024-03-12,22.022908903512832
2024-03-13,21.309245088461196
2024-03-14,20.668691370519042
2024-03-15,23.480710114387428
2024-03-18,23.087241681210674
2024-03-19,23.02817357452803
2024-03-20,22.716798300564044
2024-03-21,23.706764556645712
2024-03-22,23.390298216306892
2024-03-25,22.565044784440968
2024-03-26,22.93290618854385
2024-03-27,22.1974626561595
2024-03-28,22.174564387382254
2024-04-02,22.447917380573614
2024-04-03,23.06191105757105
2024-04-04,27.28797248989359
2024-04-05,26.2668839583876
2024-04-08,28.33635982462676
2024-04-09,27.81125538496979
2024-04-10,26.771757123917077
2024-04-11,25.91681176668662
2024-04-12,24.933959428953724
2024-04-15,25.39191951873136
2024-04-17,27.25887915754242
2024-04-18,27.133270409103915
2024-04-19,26.90654331255391
2024-04-22,25.95379385165309
2024-04-23,25.249615868212594
2024-04-24,24.854212375024247
2024-04-25,24.223346324265314
2024-04-26,23.906647595385675
2024-04-29,25.030419568714684
2024-04-30,25.489391223114506
2024-05-01,24.56188102749331
2024-05-02,35.400166392356844
2024-05-03,34.563881987110285
2024-05-07,33.81256776257761
2024-05-08,32.80802362633256
2024-05-09,31.449636005771975
2024-05-10,30.47786311788029
2024-05-13,29.21638547276163
2024-05-14,28.060493844310802
2024-05-15,29.88202409919906
2024-05-16,29.329912510418854
2024-05-17,29.76356730799592
2024-05-20,28.72564108337151
2024-05-21,27.645554807910035
2024-05-22,26.887242285592954
2024-05-23,27.062850094266405
2024-05-24,26.32489248294555
2024-05-28,25.40423269573028
2024-05-29,28.317865100487676
2024-05-30,27.191040244254065
2024-05-31,26.130657164418096
2024-06-03,27.924782758647055
2024-06-04,32.525771958280394
2024-06-05,31.978485104418137
2024-06-06,30.626657844606225
2024-06-07,32.37565291445105
2024-06-10,31.13325155935594
2024-06-11,31.085479833742486
2024-06-12,29.952275168929766
2024-06-13,28.788239389667254
2024-06-14,28.118413133359404
2024-06-17,26.993480159453988
2024-06-18,26.497813837657425
2024-06-19,28.702339603751852
2024-06-20,27.922104556014173
2024-06-21,26.843940385773397
2024-06-24,25.92600995333901
2024-06-25,24.988580215314716
2024-06-26,24.056655468853272
2024-06-27,23.95494593842275
2024-06-28,24.03858971816334
2024-07-01,23.19962985489269
2024-07-02,22.736579119511934
2024-07-03,23.794638727976018
2024-07-04,22.941048445257145
2024-07-05,22.14196387323623
2024-07-08,21.448946417745315
2024-07-09,22.39522980319509
2024-07-10,21.977949541995596
2024-07-11,21.241313945163895
2024-07-12,20.56001067328425
2024-07-15,20.43211112545128
2024-07-16,20.50368769731799
2024-07-17,19.88237046336863
2024-07-18,19.892973273126433
2024-07-19,19.471534241485287
2024-07-22,19.890693754718946
2024-07-23,21.802078297824746
2024-07-24,22.329365568912475
2024-07-25,22.034965033673306
2024-07-26,21.462195637080747
2024-07-29,22.03584080456535
2024-07-30,21.454660345855956
2024-07-31,23.1472609441915
2024-08-01,25.6058551318647
2024-08-02,24.636800766249333
2024-08-05,29.98491474852427
2024-08-06,29.2443576512345
2024-08-07,28.63151455859611
2024-08-08,29.226714068303938
2024-08-09,31.74359448506409
2024-08-12,30.44822324923236
2024-08-13,31.345692044255895
2024-08-14,30.218731551454802
2024-08-15,29.05873131242863
2024-08-16,28.369757335628048
2024-08-19,28.712350265650816
2024-08-20,27.710636023972484
2024-08-21,29.897590740459428
2024-08-22,28.67421049614635
2024-08-23,27.515651858784846
2024-08-27,27.94666818393351
2024-08-28,27.66582640856913
2024-08-29,28.026374826184746
2024-08-30,28.3003304409144
2024-09-02,28.37495550913719
2024-09-03,30.921272313973503
2024-09-04,30.86633426253523
2024-09-05,31.7551110831753
2024-09-06,30.45062714443668
2024-09-09,31.16959310501442
2024-09-10,30.030718287291425
2024-09-11,31.94511957046144
2024-09-12,30.59619346562942
2024-09-13,37.334265745964714
2024-09-16,35.69078866832036
2024-09-17,34.16339428916537
2024-09-18,32.88370518253526
2024-09-19,31.480232487328536
2024-09-20,31.412779373409172
2024-09-23,30.092266607789565
2024-09-24,29.597723251472708
2024-09-25,28.45285316871646
2024-09-26,27.31228752149547
2024-09-27,30.378924218239195
2024-09-30,30.68416555468566
2024-10-01,29.764513540433953
2024-10-02,34.273275497924836
2024-10-03,32.925069739701506
2024-10-04,35.74470889811124
2024-10-07,35.75432712390723
2024-10-08,37.02486313208591
2024-10-09,41.398652746092864
2024-10-10,40.16094450871436
2024-10-11,40.97982871321372
2024-10-14,39.40398189362394
2024-10-15,39.225032513372085
2024-10-16,48.24664776422842
2024-10-17,45.99256070293665
2024-10-18,44.08577147343573
2024-10-21,43.4088567743929
2024-10-22,41.55040414089765
2024-10-23,42.26972554535516
2024-10-24,40.782149226012685
2024-10-25,39.035084344623854
2024-10-28,38.22653827548079
2024-10-29,44.025012044231524
2024-10-30,42.346690982743574
2024-10-31,42.73485621270821
2024-11-01,40.777690844064296
2024-11-04,38.99506310219979
2024-11-05,38.08186161686174
2024-11-06,38.637357222931925
2024-11-07,37.03332878569551
2024-11-08,35.767383477800166
2024-11-11,35.92826826022995
2024-11-12,36.49487851692589
2024-11-13,34.95645292394772
2024-11-14,33.47962633242191
2024-11-15,32.20725311219311
2024-11-18,30.841161381006
2024-11-19,30.0889628771993
2024-11-20,28.84878718897231
2024-11-21,27.680066560248434
2024-11-22,26.991337500277947
2024-11-25,26.669016262385824
2024-11-26,28.246636409219793
2024-11-27,27.165518012283833
2024-11-28,26.465431359174037
2024-11-29,25.441430209270028
2024-12-02,24.518503139511765
2024-12-03,25.27464458286124
2024-12-04,27.458754387902896
2024-12-05,26.39120120418556
2024-12-06,26.07333457083077
2024-12-09,25.073988523946383
2024-12-10,24.14186108227921
2024-12-11,23.276299576094218
2024-12-12,22.920259654357615
2024-12-13,22.861108875528366
2024-12-16,23.70466591002536
2024-12-17,23.199294720374848
2024-12-18,23.639737965243178
2024-12-19,24.492209019765852
2024-12-20,24.223258580979522
2024-12-23,23.65476760449945
2024-12-24,23.934246076207355
2024-12-25,24.725420120457432
2024-12-27,23.8104974060571
2024-12-30,23.00642955881651
2024-12-31,22.383641879986495
2025-01-02,21.71134713957829
2025-01-03,23.139519661881728
2025-01-06,22.589978043101798
2025-01-07,22.050210694918658
2025-01-08,21.566788059096048
2025-01-09,21.0856636531826
2025-01-10,21.386532432532835
2025-01-13,22.11408669740441
2025-01-14,27.374139419574657
2025-01-15,26.365374623293235
2025-01-16,26.07337307940546
2025-01-17,25.90147576186587
2025-01-20,25.151213791947093
2025-01-21,25.495777265628867
2025-01-22,25.445030827274056
2025-01-23,24.747132820721344
2025-01-24,25.313943302026807
2025-01-27,24.363768402164244
2025-01-28,25.08890848339694
2025-01-29,24.51139741931267
2025-01-30,24.440386150759508
2025-01-31,23.653974698177528
2025-02-03,22.904792356944398
2025-02-04,22.476860116858578
2025-02-05,21.709428498010492
2025-02-06,24.203468457126608
2025-02-07,23.35636060753867
2025-02-10,22.539363669664485
2025-02-11,23.812034670866584
2025-02-12,24.533506318316412
2025-02-13,27.684626123753787
2025-02-14,26.615967554085696
2025-02-17,25.742326179988158
2025-02-18,25.044445697195183
2025-02-19,24.422266396587972
2025-02-20,23.54482963406365
2025-02-21,22.991966022333994
2025-02-24,25.854620907506813
2025-02-25,24.868441581543074
2025-02-26,26.663243372713136
2025-02-27,25.72913470191124
2025-02-28,26.556409940581982
2025-03-03,25.58949456868276
2025-03-04,27.65962990198337
2025-03-05,26.827368156195792
2025-03-06,27.476602488169142
2025-03-07,26.405285207436563
2025-03-10,27.00998656340701
2025-03-11,27.676088764501294
2025-03-12,26.71447289131091
2025-03-13,26.251933243168875
2025-03-14,27.34216812009185
2025-03-17,27.268527927561298
2025-03-18,26.196257923349464
2025-03-19,25.189296802769633
2025-03-20,24.244682201066173
2025-03-21,23.74351800134224
2025-03-24,22.89044603276908
2025-03-25,23.651532128679314
2025-03-26,22.84503227282747
2025-03-27,22.63416850685664
2025-03-28,21.86084758109476
2025-03-31,21.13465954512677
2025-04-01,25.874372781199874
2025-04-02,25.092835143932106
2025-04-03,24.38499675261679
2025-04-04,38.49112560487982
2025-04-07,46.61884519945827
2025-04-08,47.2770155724422
2025-04-09,46.06256849237708
2025-04-10,47.28950844596934
2025-04-11,47.25350651546722
2025-04-14,46.23632656499766
2025-04-15,44.149456745009275
2025-04-16,42.35447381486723
2025-04-17,41.520741867592065
2025-04-22,40.75763432335273
2025-04-23,39.02200385914198
2025-04-24,37.58720478775307
2025-04-25,36.342847278317514
2025-04-28,34.95055712029341
2025-04-29,34.0318835386049
2025-04-30,36.10308209049947
2025-05-01,34.90891047727973
2025-05-02,34.29136028462507
2025-05-06,33.420465250654665
2025-05-07,32.5413999890418
2025-05-08,35.16314313749901
2025-05-09,36.72419806752518
2025-05-12,38.281713211440355
2025-05-13,37.30348955639343
2025-05-14,37.54242701479548
2025-05-15,36.660034211429846
2025-05-16,36.91202310950633
2025-05-19,35.78811670137918
2025-05-20,35.02230310763505
2025-05-21,33.82288436179462
2025-05-22,33.31890809470589
2025-05-23,32.7485852377364
2025-05-27,31.57792883815626
2025-05-28,31.35366238605637
2025-05-29,31.70029851330469
2025-05-30,31.513714454058828
2025-06-02,30.273061603392964
2025-06-03,33.21281040691651
2025-06-04,32.438367361586465
2025-06-05,31.602890194615263
2025-06-06,30.422772090614487
2025-06-09,29.78179754349725
2025-06-10,28.95568165684641
2025-06-11,27.88650397002718
2025-06-12,33.17419946980703
2025-06-13,31.915557552564657
2025-06-16,45.37130088418205
2025-06-17,43.71638234228064
2025-06-18,47.427971455923455
2025-06-19,45.26724122096367
2025-06-20,44.76433958715689
2025-06-23,43.87083077575463
2025-06-24,50.195511159080965
2025-06-25,59.298959582561125
2025-06-26,56.703566170034414
2025-06-27,54.007158068974434
2025-06-30,51.723671087171915
2025-07-01,50.04472146757354
2025-07-02,47.84917412519653
2025-07-03,50.546915796306166
2025-07-04,48.24784841330633
2025-07-07,46.16081035565473
2025-07-08,44.42168488875302
2025-07-09,42.51350263905579
2025-07-10,40.73189995067526
2025-07-11,40.40388653277456
2025-07-14,40.14587677417267
2025-07-15,39.07159503044024
2025-07-16,37.63388414707199
2025-07-17,36.21547296390794
2025-07-18,36.33550068281937
2025-07-21,34.78743248214107
2025-07-22,33.73666377600019
2025-07-23,35.724510449497046
2025-07-24,34.36566352561087
2025-07-25,33.93030045395477
2025-07-28,33.52548737772707
2025-07-29,33.9279524810968
2025-07-30,35.924577879458006
2025-07-31,34.68252534492813
2025-08-01,33.387465087578235
2025-08-04,37.3728979340814
2025-08-05,36.38629923780219
2025-08-06,34.918669279792056
2025-08-07,34.43157613452868
2025-08-08,33.70610884420173
2025-08-11,32.27151935140682
2025-08-12,30.922880786098318
2025-08-13,29.9268832070736
2025-08-14,28.993542126356637
2025-08-15,30.770910646527426
2025-08-18,30.09265629050566
2025-08-19,29.474681872263353
2025-08-20,30.4415604231423
2025-08-21,29.97858104349221
2025-08-22,29.254236417095786
2025-08-26,28.080100292194913
2025-08-27,28.797371384693164
2025-08-28,28.261438449064798
2025-08-29,27.752717416785018
2025-09-01,27.247801166498654
2025-09-02,26.73787347053156
2025-09-03,26.607855746152335
2025-09-04,25.69897919248043
2025-09-05,26.610715521180346
2025-09-08,27.87325854919469
2025-09-09,27.008437032839378
2025-09-10,31.582843890501564
2025-09-11,30.369979558990856
2025-09-12,29.247393665300457
2025-09-15,28.368444561354906
2025-09-16,27.22853042320608
2025-09-17,28.96001666377887
2025-09-18,28.022693731757435
2025-09-19,28.603807524977398
2025-09-22,28.043413551557393
2025-09-23,26.96362431606014
2025-09-24,26.98968641132531
2025-09-25,28.376529301428167
2025-09-26,27.797071470760248
2025-09-29,27.04267130628491
2025-09-30,29.957405856266018
2025-10-01,28.93996036377765
2025-10-02,30.79594492410745
2025-10-03,30.89011953512234
2025-10-06,29.992872627423502
2025-10-07,29.53043404987022
2025-10-08,28.321022252499777
2025-10-09,27.26380166091303
2025-10-10,26.23618163686051
2025-10-13,32.66156172970433
2025-10-14,31.34124189608381
2025-10-15,31.30769236696897
2025-10-16,30.46178689149228
2025-10-17,30.833117268814398
2025-10-20,29.562876245923743
2025-10-21,28.67315632087063
2025-10-22,27.594095768429334
2025-10-23,28.243330817450445
2025-10-24,40.400156559911416
2025-10-27,38.774817168882194
2025-10-28,37.10343200940007
2025-10-29,37.19276990933903
2025-10-30,36.24277553222882
2025-10-31,34.649771829160876
2025-11-03,33.217774663668564
2025-11-04,31.880536722686276
2025-11-05,31.058949328432355
2025-11-06,31.86257656853305
2025-11-07,30.5385023962163
2025-11-10,29.347771986554783
2025-11-11,28.69435364706387
2025-11-12,28.231412855716293
2025-11-13,31.120539314916535
2025-11-14,29.872458337432505
2025-11-17,30.27688660842421
2025-11-18,29.121318966574517
2025-11-19,30.623882785018107
2025-11-20,30.48636073611396
2025-11-21,29.246766324133137
2025-11-24,28.847452324180615
2025-11-25,31.586471378026797
2025-11-26,30.935460863278863
2025-11-27,30.227051770871437
2025-11-28,29.3839818696755
2025-12-01,28.201333165720005
2025-12-02,27.087116813273337
2025-12-03,26.844646481776252
2025-12-04,25.93524364143566
2025-12-05,25.101129639675847
2025-12-08,24.230256570427212
2025-12-09,24.881672044058526
2025-12-10,24.55144754371325
2025-12-11,23.922421550657972
2025-12-12,25.049152409078975
2025-12-15,24.17033333113357
2025-12-16,23.72783863336579
2025-12-17,26.3051647167024
2025-12-18,25.823464993570244
2025-12-19,24.842769715857372
2025-12-22,24.43552462737514
2025-12-23,24.435401646207996
2025-12-24,26.016454210583362
2025-12-29,25.02063640703555
2025-12-30,24.546863016996394
2025-12-31,24.470918876059326
2026-01-02,24.755203412885365
2026-01-05,24.297877185608634
2026-01-06,24.623201771930987
2026-01-07,24.752594707253454
2026-01-08,25.1858773778729
2026-01-09,29.74262671912356
2026-01-12,31.35430814059042
2026-01-13,30.09967472015954
2026-01-14,32.77184876425704
2026-01-15,32.60391092111553
2026-01-16,36.77746027087828
2026-01-19,35.60022019678794
2026-01-20,34.04494676976332
2026-01-21,32.999970562011086
2026-01-22,32.36366766190869
2026-01-23,32.36433131150475
2026-01-26,36.45091678548453
2026-01-27,35.0114725951932
2026-01-28,37.8957484109091
2026-01-29,36.4281631013889
2026-01-30,34.82379173263206
2026-02-02,34.29606191237783
2026-02-03,45.310839682494475
2026-02-04,45.99692984169651
2026-02-05,44.508133360846394
2026-02-06,43.37734644071043
2026-02-09,41.55656579218584
2026-02-10,39.955501554739534
2026-02-11,38.17700941709548
2026-02-12,36.614858797443546
2026-02-13,36.95472577372792
2026-02-16,35.328993908313706
2026-02-17,34.2442112799442
2026-02-18,33.56169197514991
2026-02-19,34.81151181227419
2026-02-20,34.4917959198269
2026-02-23,33.12579147349765
2026-02-24,32.23764914403806
2026-02-25,31.24299410700704
2026-02-26,30.161301986390114
2026-02-27,29.601927577363043
2026-03-02,28.495659571489558
2026-03-03,46.86165015562225
2026-03-04,57.32863448967157
2026-03-05,55.53544113174967
2026-03-06,65.99176895784802
2026-03-09,72.90676743580728
2026-03-10,69.72892571302722
2026-03-11,70.44408871932089
2026-03-12,67.27551298062697
2026-03-13,85.33709501354043
2026-03-16,81.23260734631309
2026-03-17,77.95892259479807
2026-03-18,81.35779024658247
2026-03-19,87.52383129199993
2026-03-20,88.35231065766236
2026-03-23,89.414497606991
2026-03-24,106.07710088790274
2026-03-25,102.93541947617982
2026-03-26,97.88830336705573
2026-03-27,94.80312726273064
2026-03-30,95.9167143721483
2026-03-31,91.19367836113909
2026-04-01,88.62633763696397
2026-04-02,88.7883754841129
2026-04-07,89.95197991170508
2026-04-08,93.61794288179395
2026-04-09,107.11335844253107
2026-04-10,102.5659047430516
2026-04-13,97.49223268930027
2026-04-14,94.13014296423118
2026-04-15,91.35800624153045
2026-04-16,88.25297661510177
2026-04-17,84.19029506874752
2026-04-20,113.60055021187858
2026-04-21,110.27626892117878
2026-04-22,105.53494796726561
2026-04-23,105.20277013215708
2026-04-24,99.99960775419785
2026-04-27,95.25350300032882
2026-04-28,90.9451028509811
2026-04-29,87.80228199091891
2026-04-30,87.36796369532254
2026-05-01,83.07167618100668
2026-05-05,82.5190252128761
2026-05-06,80.01696362789811
2026-05-07,89.84182282169506
2026-05-08,85.88818337467693
2026-05-11,82.01723670708483
2026-05-12,78.89001621335049
2026-05-13,78.47943944578047
2026-05-14,74.80153390754722
2026-05-15,71.19738350995657
2026-05-18,68.93680110396777
2026-05-19,66.56188436400565
2026-05-20,63.95638060278562
2026-05-21,65.6904560721496
2026-05-22,64.06145794316652
2026-05-26,61.14203661681942
2026-05-27,61.283484585958384
2026-05-28,64.39694607283263
2026-05-29,61.855698932959356
2026-06-01,60.38170816446262
2026-06-02,63.49145393601102
2026-06-03,60.43459851410422
2026-06-04,59.492173470284136
2026-06-05,58.14608659819312
2026-06-08,56.0061532203041
